subject,condition,correct
1,size,1
1,size,1
1,size,1
1,size,1
1,size,1
1,size,1
1,size,1
1,size,1
1,size,1
1,size,1
1,size,1
1,size,1
1,size,1
1,size,1
1,size,1
1,size,1
1,size,1
1,size,1
1,size,1
1,size,1
1,size,1
1,size,1
1,size,1
1,size,1
1,size,1
1,size,1
1,size,1
1,size,1
1,size,1
1,size,1
1,size,1
1,size,1
1,size,1
1,size,1
1,size,1
1,size,1
1,size,1
1,size,1
1,size,1
1,size,1
1,size,1
1,size,1
1,size,1
1,size,1
1,size,1
1,size,1
1,size,1
1,size,1
1,size,1
1,size,1
1,size,1
1,size,1
1,size,1
1,size,1
1,size,1
1,size,1
1,size,1
1,size,1
1,size,1
1,size,1
1,size,1
1,size,1
1,size,1
1,size,1
2,angle,1
2,angle,1
2,angle,1
2,angle,1
2,angle,1
2,angle,1
2,angle,1
2,angle,1
2,angle,1
2,angle,0
2,angle,1
2,angle,1
2,angle,1
2,angle,1
2,angle,1
2,angle,1
2,angle,1
2,angle,1
2,angle,1
2,angle,1
2,angle,1
2,angle,1
2,angle,1
2,angle,1
2,angle,1
2,angle,1
2,angle,1
2,angle,1
2,angle,1
2,angle,1
2,angle,1
2,angle,1
2,angle,1
2,angle,1
2,angle,1
2,angle,1
2,angle,1
2,angle,1
2,angle,1
2,angle,1
2,angle,1
2,angle,1
2,angle,1
2,angle,1
2,angle,1
2,angle,1
2,angle,1
2,angle,1
2,angle,1
2,angle,1
2,angle,1
2,angle,1
2,angle,1
2,angle,1
2,angle,1
2,angle,1
2,angle,1
2,angle,1
2,angle,1
2,angle,1
2,angle,1
2,angle,1
2,angle,1
2,angle,1
3,angle,1
3,angle,1
3,angle,1
3,angle,1
3,angle,1
3,angle,1
3,angle,1
3,angle,1
3,angle,1
3,angle,1
3,angle,1
3,angle,1
3,angle,1
3,angle,1
3,angle,1
3,angle,1
3,angle,1
3,angle,1
3,angle,1
3,angle,1
3,angle,1
3,angle,1
3,angle,1
3,angle,1
3,angle,1
3,angle,1
3,angle,1
3,angle,1
3,angle,1
3,angle,1
3,angle,1
3,angle,1
3,angle,1
3,angle,1
3,angle,1
3,angle,1
3,angle,1
3,angle,1
3,angle,1
3,angle,1
3,angle,1
3,angle,1
3,angle,1
3,angle,1
3,angle,1
3,angle,1
3,angle,1
3,angle,1
3,angle,1
3,angle,1
3,angle,1
3,angle,1
3,angle,1
3,angle,1
3,angle,1
3,angle,1
3,angle,1
3,angle,1
3,angle,1
3,angle,1
3,angle,1
3,angle,1
3,angle,1
3,angle,1
4,both,0
4,both,1
4,both,0
4,both,0
4,both,0
4,both,0
4,both,0
4,both,0
4,both,0
4,both,0
4,both,0
4,both,0
4,both,1
4,both,1
4,both,0
4,both,0
4,both,0
4,both,1
4,both,0
4,both,1
4,both,0
4,both,1
4,both,0
4,both,0
4,both,1
4,both,1
4,both,1
4,both,1
4,both,0
4,both,1
4,both,0
4,both,1
4,both,0
4,both,0
4,both,0
4,both,0
4,both,0
4,both,0
4,both,1
4,both,0
4,both,0
4,both,0
4,both,1
4,both,0
4,both,0
4,both,0
4,both,0
4,both,0
4,both,0
4,both,0
4,both,0
4,both,0
4,both,0
4,both,0
4,both,0
4,both,0
4,both,0
4,both,0
4,both,0
4,both,0
4,both,0
4,both,0
4,both,0
4,both,0
5,both,1
5,both,1
5,both,1
5,both,1
5,both,1
5,both,1
5,both,1
5,both,1
5,both,1
5,both,1
5,both,1
5,both,0
5,both,1
5,both,1
5,both,1
5,both,1
5,both,1
5,both,1
5,both,1
5,both,1
5,both,1
5,both,1
5,both,1
5,both,1
5,both,1
5,both,1
5,both,1
5,both,1
5,both,1
5,both,0
5,both,1
5,both,1
5,both,1
5,both,1
5,both,1
5,both,1
5,both,1
5,both,1
5,both,1
5,both,1
5,both,1
5,both,1
5,both,1
5,both,1
5,both,1
5,both,1
5,both,1
5,both,1
5,both,1
5,both,1
5,both,1
5,both,1
5,both,1
5,both,1
5,both,1
5,both,1
5,both,1
5,both,1
5,both,1
5,both,1
5,both,1
5,both,1
5,both,1
5,both,1
6,angle,1
6,angle,1
6,angle,1
6,angle,1
6,angle,1
6,angle,1
6,angle,1
6,angle,1
6,angle,1
6,angle,1
6,angle,1
6,angle,1
6,angle,1
6,angle,0
6,angle,1
6,angle,1
6,angle,1
6,angle,1
6,angle,1
6,angle,1
6,angle,1
6,angle,1
6,angle,1
6,angle,1
6,angle,1
6,angle,1
6,angle,1
6,angle,1
6,angle,1
6,angle,1
6,angle,1
6,angle,1
6,angle,1
6,angle,1
6,angle,1
6,angle,1
6,angle,1
6,angle,1
6,angle,1
6,angle,1
6,angle,1
6,angle,1
6,angle,1
6,angle,1
6,angle,1
6,angle,1
6,angle,1
6,angle,1
6,angle,1
6,angle,1
6,angle,1
6,angle,1
6,angle,1
6,angle,1
6,angle,1
6,angle,0
6,angle,1
6,angle,1
6,angle,0
6,angle,1
6,angle,0
6,angle,1
6,angle,1
6,angle,1
7,size,1
7,size,1
7,size,0
7,size,0
7,size,0
7,size,0
7,size,0
7,size,0
7,size,1
7,size,1
7,size,0
7,size,0
7,size,0
7,size,0
7,size,0
7,size,1
7,size,0
7,size,0
7,size,0
7,size,0
7,size,0
7,size,0
7,size,1
7,size,0
7,size,0
7,size,0
7,size,0
7,size,1
7,size,0
7,size,0
7,size,0
7,size,0
7,size,1
7,size,1
7,size,0
7,size,1
7,size,0
7,size,0
7,size,0
7,size,1
7,size,0
7,size,0
7,size,1
7,size,0
7,size,1
7,size,1
7,size,0
7,size,1
7,size,0
7,size,0
7,size,0
7,size,1
7,size,1
7,size,1
7,size,0
7,size,0
7,size,0
7,size,0
7,size,0
7,size,0
7,size,0
7,size,0
7,size,0
7,size,0
8,size,1
8,size,1
8,size,1
8,size,1
8,size,1
8,size,1
8,size,1
8,size,1
8,size,1
8,size,1
8,size,1
8,size,1
8,size,1
8,size,1
8,size,1
8,size,0
8,size,1
8,size,1
8,size,1
8,size,1
8,size,1
8,size,1
8,size,1
8,size,1
8,size,1
8,size,1
8,size,1
8,size,1
8,size,1
8,size,1
8,size,1
8,size,1
8,size,1
8,size,1
8,size,1
8,size,1
8,size,1
8,size,1
8,size,1
8,size,1
8,size,1
8,size,1
8,size,1
8,size,1
8,size,1
8,size,1
8,size,1
8,size,1
8,size,1
8,size,1
8,size,1
8,size,1
8,size,1
8,size,1
8,size,1
8,size,1
8,size,1
8,size,1
8,size,1
8,size,1
8,size,1
8,size,1
8,size,1
8,size,1
9,angle,1
9,angle,1
9,angle,1
9,angle,1
9,angle,1
9,angle,1
9,angle,1
9,angle,1
9,angle,1
9,angle,1
9,angle,1
9,angle,1
9,angle,1
9,angle,1
9,angle,1
9,angle,1
9,angle,1
9,angle,1
9,angle,1
9,angle,1
9,angle,1
9,angle,1
9,angle,1
9,angle,1
9,angle,1
9,angle,1
9,angle,1
9,angle,1
9,angle,1
9,angle,1
9,angle,1
9,angle,1
9,angle,1
9,angle,1
9,angle,1
9,angle,1
9,angle,1
9,angle,1
9,angle,1
9,angle,1
9,angle,1
9,angle,1
9,angle,1
9,angle,1
9,angle,1
9,angle,1
9,angle,1
9,angle,1
9,angle,1
9,angle,1
9,angle,1
9,angle,1
9,angle,1
9,angle,1
9,angle,1
9,angle,1
9,angle,1
9,angle,1
9,angle,1
9,angle,1
9,angle,1
9,angle,1
9,angle,1
9,angle,1
10,size,1
10,size,1
10,size,1
10,size,1
10,size,1
10,size,1
10,size,1
10,size,1
10,size,1
10,size,1
10,size,1
10,size,1
10,size,0
10,size,1
10,size,1
10,size,0
10,size,1
10,size,1
10,size,1
10,size,0
10,size,1
10,size,1
10,size,1
10,size,1
10,size,0
10,size,1
10,size,1
10,size,1
10,size,1
10,size,0
10,size,1
10,size,1
10,size,1
10,size,1
10,size,1
10,size,1
10,size,1
10,size,1
10,size,1
10,size,1
10,size,1
10,size,1
10,size,1
10,size,1
10,size,1
10,size,1
10,size,1
10,size,1
10,size,1
10,size,1
10,size,1
10,size,1
10,size,1
10,size,0
10,size,1
10,size,1
10,size,0
10,size,1
10,size,0
10,size,1
10,size,0
10,size,1
10,size,1
10,size,1
11,size,0
11,size,0
11,size,0
11,size,0
11,size,1
11,size,0
11,size,0
11,size,0
11,size,0
11,size,0
11,size,0
11,size,0
11,size,0
11,size,1
11,size,0
11,size,1
11,size,0
11,size,0
11,size,0
11,size,1
11,size,0
11,size,1
11,size,1
11,size,0
11,size,0
11,size,0
11,size,0
11,size,0
11,size,0
11,size,0
11,size,0
11,size,0
11,size,0
11,size,0
11,size,0
11,size,0
11,size,0
11,size,1
11,size,0
11,size,0
11,size,1
11,size,0
11,size,1
11,size,0
11,size,1
11,size,0
11,size,0
11,size,0
11,size,1
11,size,0
11,size,1
11,size,0
11,size,0
11,size,1
11,size,0
11,size,0
11,size,0
11,size,0
11,size,0
11,size,0
11,size,0
11,size,1
11,size,0
11,size,0
12,both,0
12,both,1
12,both,0
12,both,0
12,both,0
12,both,0
12,both,0
12,both,0
12,both,0
12,both,0
12,both,0
12,both,1
12,both,0
12,both,1
12,both,0
12,both,0
12,both,0
12,both,0
12,both,1
12,both,0
12,both,0
12,both,1
12,both,0
12,both,0
12,both,1
12,both,0
12,both,0
12,both,1
12,both,1
12,both,0
12,both,0
12,both,0
12,both,1
12,both,0
12,both,0
12,both,0
12,both,1
12,both,0
12,both,0
12,both,0
12,both,0
12,both,0
12,both,0
12,both,1
12,both,0
12,both,1
12,both,0
12,both,0
12,both,1
12,both,1
12,both,0
12,both,1
12,both,0
12,both,0
12,both,0
12,both,1
12,both,0
12,both,1
12,both,0
12,both,1
12,both,0
12,both,0
12,both,0
12,both,0
13,angle,1
13,angle,1
13,angle,1
13,angle,1
13,angle,1
13,angle,1
13,angle,0
13,angle,0
13,angle,1
13,angle,1
13,angle,1
13,angle,1
13,angle,1
13,angle,1
13,angle,1
13,angle,1
13,angle,1
13,angle,1
13,angle,1
13,angle,1
13,angle,1
13,angle,1
13,angle,1
13,angle,1
13,angle,1
13,angle,1
13,angle,1
13,angle,1
13,angle,1
13,angle,1
13,angle,1
13,angle,1
13,angle,1
13,angle,1
13,angle,1
13,angle,1
13,angle,1
13,angle,1
13,angle,1
13,angle,1
13,angle,1
13,angle,1
13,angle,1
13,angle,1
13,angle,1
13,angle,1
13,angle,1
13,angle,1
13,angle,1
13,angle,1
13,angle,1
13,angle,1
13,angle,1
13,angle,1
13,angle,1
13,angle,1
13,angle,1
13,angle,1
13,angle,1
13,angle,1
13,angle,1
13,angle,1
13,angle,1
13,angle,1
14,size,1
14,size,0
14,size,0
14,size,0
14,size,1
14,size,1
14,size,0
14,size,1
14,size,1
14,size,1
14,size,0
14,size,1
14,size,1
14,size,1
14,size,1
14,size,0
14,size,1
14,size,1
14,size,1
14,size,0
14,size,0
14,size,0
14,size,1
14,size,1
14,size,1
14,size,1
14,size,1
14,size,0
14,size,1
14,size,1
14,size,0
14,size,1
14,size,1
14,size,1
14,size,0
14,size,1
14,size,1
14,size,0
14,size,1
14,size,1
14,size,1
14,size,1
14,size,1
14,size,0
14,size,0
14,size,1
14,size,1
14,size,1
14,size,1
14,size,0
14,size,1
14,size,1
14,size,0
14,size,1
14,size,1
14,size,0
14,size,1
14,size,0
14,size,1
14,size,0
14,size,1
14,size,0
14,size,1
14,size,1
15,size,0
15,size,1
15,size,1
15,size,0
15,size,1
15,size,1
15,size,1
15,size,1
15,size,1
15,size,1
15,size,0
15,size,1
15,size,1
15,size,1
15,size,1
15,size,0
15,size,0
15,size,0
15,size,0
15,size,1
15,size,1
15,size,0
15,size,1
15,size,1
15,size,1
15,size,1
15,size,1
15,size,1
15,size,0
15,size,1
15,size,1
15,size,1
15,size,1
15,size,1
15,size,0
15,size,1
15,size,1
15,size,0
15,size,1
15,size,1
15,size,1
15,size,1
15,size,1
15,size,1
15,size,1
15,size,1
15,size,1
15,size,0
15,size,1
15,size,1
15,size,1
15,size,0
15,size,1
15,size,1
15,size,1
15,size,1
15,size,0
15,size,0
15,size,1
15,size,0
15,size,1
15,size,1
15,size,1
15,size,1
16,angle,1
16,angle,1
16,angle,1
16,angle,1
16,angle,1
16,angle,1
16,angle,1
16,angle,1
16,angle,1
16,angle,1
16,angle,1
16,angle,1
16,angle,1
16,angle,1
16,angle,1
16,angle,1
16,angle,1
16,angle,1
16,angle,1
16,angle,1
16,angle,1
16,angle,1
16,angle,1
16,angle,1
16,angle,1
16,angle,1
16,angle,1
16,angle,1
16,angle,1
16,angle,1
16,angle,1
16,angle,0
16,angle,1
16,angle,1
16,angle,1
16,angle,1
16,angle,1
16,angle,1
16,angle,1
16,angle,1
16,angle,1
16,angle,1
16,angle,1
16,angle,1
16,angle,1
16,angle,1
16,angle,1
16,angle,1
16,angle,1
16,angle,1
16,angle,1
16,angle,1
16,angle,1
16,angle,1
16,angle,1
16,angle,1
16,angle,1
16,angle,1
16,angle,1
16,angle,1
16,angle,1
16,angle,1
16,angle,1
16,angle,1
17,size,0
17,size,1
17,size,1
17,size,1
17,size,1
17,size,1
17,size,1
17,size,1
17,size,0
17,size,1
17,size,1
17,size,1
17,size,1
17,size,1
17,size,1
17,size,0
17,size,1
17,size,1
17,size,1
17,size,1
17,size,0
17,size,1
17,size,1
17,size,1
17,size,0
17,size,1
17,size,1
17,size,1
17,size,1
17,size,1
17,size,1
17,size,1
17,size,1
17,size,0
17,size,1
17,size,0
17,size,1
17,size,1
17,size,1
17,size,0
17,size,0
17,size,1
17,size,1
17,size,1
17,size,1
17,size,1
17,size,1
17,size,1
17,size,1
17,size,1
17,size,0
17,size,1
17,size,1
17,size,1
17,size,1
17,size,1
17,size,1
17,size,1
17,size,1
17,size,0
17,size,1
17,size,1
17,size,1
17,size,1
18,both,1
18,both,1
18,both,0
18,both,0
18,both,1
18,both,1
18,both,1
18,both,1
18,both,1
18,both,1
18,both,1
18,both,1
18,both,0
18,both,1
18,both,1
18,both,1
18,both,1
18,both,1
18,both,0
18,both,0
18,both,1
18,both,1
18,both,1
18,both,1
18,both,0
18,both,0
18,both,1
18,both,1
18,both,0
18,both,1
18,both,1
18,both,1
18,both,0
18,both,1
18,both,0
18,both,0
18,both,1
18,both,0
18,both,1
18,both,1
18,both,1
18,both,0
18,both,1
18,both,1
18,both,1
18,both,1
18,both,1
18,both,1
18,both,0
18,both,1
18,both,0
18,both,1
18,both,0
18,both,1
18,both,1
18,both,1
18,both,1
18,both,1
18,both,1
18,both,0
18,both,1
18,both,1
18,both,0
18,both,1
19,angle,1
19,angle,1
19,angle,1
19,angle,1
19,angle,1
19,angle,1
19,angle,1
19,angle,1
19,angle,1
19,angle,1
19,angle,1
19,angle,1
19,angle,1
19,angle,1
19,angle,1
19,angle,1
19,angle,1
19,angle,1
19,angle,1
19,angle,1
19,angle,1
19,angle,1
19,angle,1
19,angle,1
19,angle,1
19,angle,1
19,angle,1
19,angle,1
19,angle,1
19,angle,1
19,angle,1
19,angle,1
19,angle,1
19,angle,1
19,angle,1
19,angle,1
19,angle,1
19,angle,1
19,angle,1
19,angle,1
19,angle,1
19,angle,1
19,angle,1
19,angle,1
19,angle,1
19,angle,1
19,angle,1
19,angle,1
19,angle,1
19,angle,1
19,angle,1
19,angle,1
19,angle,1
19,angle,1
19,angle,1
19,angle,1
19,angle,1
19,angle,1
19,angle,1
19,angle,1
19,angle,1
19,angle,1
19,angle,1
19,angle,1
20,size,1
20,size,1
20,size,1
20,size,1
20,size,1
20,size,1
20,size,1
20,size,1
20,size,1
20,size,1
20,size,1
20,size,1
20,size,0
20,size,1
20,size,1
20,size,1
20,size,1
20,size,1
20,size,1
20,size,0
20,size,1
20,size,1
20,size,1
20,size,1
20,size,1
20,size,1
20,size,1
20,size,1
20,size,1
20,size,1
20,size,1
20,size,1
20,size,1
20,size,1
20,size,1
20,size,1
20,size,1
20,size,1
20,size,0
20,size,1
20,size,1
20,size,1
20,size,1
20,size,1
20,size,1
20,size,1
20,size,1
20,size,1
20,size,1
20,size,1
20,size,1
20,size,1
20,size,1
20,size,1
20,size,1
20,size,1
20,size,1
20,size,1
20,size,1
20,size,1
20,size,1
20,size,1
20,size,1
20,size,1
21,both,1
21,both,1
21,both,0
21,both,0
21,both,0
21,both,0
21,both,0
21,both,0
21,both,0
21,both,0
21,both,0
21,both,0
21,both,0
21,both,0
21,both,0
21,both,0
21,both,0
21,both,0
21,both,1
21,both,0
21,both,1
21,both,0
21,both,0
21,both,0
21,both,0
21,both,0
21,both,0
21,both,0
21,both,0
21,both,0
21,both,0
21,both,1
21,both,0
21,both,0
21,both,0
21,both,0
21,both,0
21,both,0
21,both,0
21,both,0
21,both,0
21,both,1
21,both,0
21,both,0
21,both,0
21,both,0
21,both,1
21,both,0
21,both,0
21,both,0
21,both,0
21,both,0
21,both,0
21,both,0
21,both,0
21,both,0
21,both,0
21,both,0
21,both,0
21,both,0
21,both,0
21,both,0
21,both,0
21,both,1
22,size,1
22,size,1
22,size,1
22,size,0
22,size,1
22,size,1
22,size,1
22,size,0
22,size,1
22,size,1
22,size,1
22,size,1
22,size,1
22,size,1
22,size,1
22,size,1
22,size,1
22,size,1
22,size,1
22,size,1
22,size,0
22,size,1
22,size,1
22,size,0
22,size,1
22,size,0
22,size,1
22,size,0
22,size,1
22,size,1
22,size,1
22,size,1
22,size,0
22,size,1
22,size,1
22,size,1
22,size,0
22,size,1
22,size,0
22,size,1
22,size,1
22,size,0
22,size,0
22,size,0
22,size,0
22,size,1
22,size,0
22,size,1
22,size,0
22,size,1
22,size,1
22,size,0
22,size,0
22,size,0
22,size,1
22,size,0
22,size,1
22,size,0
22,size,1
22,size,1
22,size,0
22,size,1
22,size,1
22,size,1
23,angle,1
23,angle,1
23,angle,1
23,angle,1
23,angle,1
23,angle,1
23,angle,1
23,angle,1
23,angle,1
23,angle,1
23,angle,1
23,angle,1
23,angle,1
23,angle,1
23,angle,1
23,angle,1
23,angle,1
23,angle,1
23,angle,1
23,angle,1
23,angle,1
23,angle,1
23,angle,1
23,angle,1
23,angle,1
23,angle,1
23,angle,1
23,angle,1
23,angle,1
23,angle,1
23,angle,1
23,angle,1
23,angle,1
23,angle,1
23,angle,1
23,angle,1
23,angle,1
23,angle,1
23,angle,1
23,angle,1
23,angle,1
23,angle,1
23,angle,1
23,angle,1
23,angle,1
23,angle,1
23,angle,1
23,angle,1
23,angle,1
23,angle,1
23,angle,1
23,angle,1
23,angle,1
23,angle,1
23,angle,1
23,angle,1
23,angle,1
23,angle,1
23,angle,0
23,angle,1
23,angle,1
23,angle,1
23,angle,1
23,angle,1
24,both,0
24,both,1
24,both,0
24,both,0
24,both,1
24,both,1
24,both,0
24,both,0
24,both,0
24,both,0
24,both,0
24,both,0
24,both,0
24,both,0
24,both,1
24,both,0
24,both,0
24,both,0
24,both,0
24,both,0
24,both,1
24,both,0
24,both,1
24,both,0
24,both,0
24,both,0
24,both,0
24,both,1
24,both,0
24,both,0
24,both,1
24,both,0
24,both,0
24,both,0
24,both,1
24,both,1
24,both,1
24,both,0
24,both,0
24,both,1
24,both,1
24,both,1
24,both,1
24,both,1
24,both,0
24,both,1
24,both,0
24,both,0
24,both,1
24,both,0
24,both,0
24,both,1
24,both,1
24,both,1
24,both,0
24,both,0
24,both,1
24,both,0
24,both,1
24,both,1
24,both,1
24,both,1
24,both,0
24,both,1
25,both,0
25,both,1
25,both,1
25,both,0
25,both,1
25,both,0
25,both,0
25,both,0
25,both,0
25,both,0
25,both,0
25,both,1
25,both,0
25,both,0
25,both,0
25,both,0
25,both,0
25,both,1
25,both,0
25,both,1
25,both,0
25,both,0
25,both,1
25,both,0
25,both,0
25,both,0
25,both,0
25,both,0
25,both,0
25,both,0
25,both,0
25,both,1
25,both,0
25,both,1
25,both,0
25,both,1
25,both,1
25,both,0
25,both,1
25,both,1
25,both,1
25,both,0
25,both,0
25,both,0
25,both,0
25,both,0
25,both,1
25,both,1
25,both,0
25,both,1
25,both,0
25,both,0
25,both,0
25,both,0
25,both,0
25,both,0
25,both,0
25,both,0
25,both,0
25,both,1
25,both,0
25,both,1
25,both,0
25,both,0
26,angle,1
26,angle,1
26,angle,1
26,angle,1
26,angle,1
26,angle,1
26,angle,1
26,angle,1
26,angle,1
26,angle,1
26,angle,1
26,angle,1
26,angle,1
26,angle,1
26,angle,1
26,angle,1
26,angle,1
26,angle,1
26,angle,1
26,angle,1
26,angle,1
26,angle,1
26,angle,1
26,angle,1
26,angle,1
26,angle,1
26,angle,1
26,angle,1
26,angle,1
26,angle,1
26,angle,1
26,angle,1
26,angle,1
26,angle,0
26,angle,0
26,angle,1
26,angle,1
26,angle,1
26,angle,1
26,angle,1
26,angle,1
26,angle,1
26,angle,1
26,angle,1
26,angle,1
26,angle,1
26,angle,1
26,angle,1
26,angle,1
26,angle,1
26,angle,1
26,angle,1
26,angle,1
26,angle,1
26,angle,1
26,angle,1
26,angle,1
26,angle,1
26,angle,1
26,angle,1
26,angle,1
26,angle,1
26,angle,1
26,angle,1
27,size,1
27,size,0
27,size,1
27,size,1
27,size,0
27,size,0
27,size,1
27,size,1
27,size,1
27,size,1
27,size,1
27,size,1
27,size,1
27,size,0
27,size,1
27,size,0
27,size,1
27,size,1
27,size,1
27,size,1
27,size,1
27,size,1
27,size,1
27,size,1
27,size,1
27,size,1
27,size,1
27,size,0
27,size,1
27,size,1
27,size,1
27,size,0
27,size,0
27,size,1
27,size,1
27,size,1
27,size,1
27,size,1
27,size,0
27,size,1
27,size,1
27,size,1
27,size,1
27,size,1
27,size,1
27,size,1
27,size,1
27,size,1
27,size,1
27,size,1
27,size,1
27,size,1
27,size,1
27,size,1
27,size,1
27,size,1
27,size,1
27,size,1
27,size,1
27,size,0
27,size,1
27,size,1
27,size,1
27,size,0
28,angle,1
28,angle,1
28,angle,1
28,angle,1
28,angle,1
28,angle,1
28,angle,1
28,angle,1
28,angle,1
28,angle,1
28,angle,1
28,angle,1
28,angle,1
28,angle,1
28,angle,1
28,angle,1
28,angle,1
28,angle,1
28,angle,1
28,angle,1
28,angle,1
28,angle,1
28,angle,1
28,angle,1
28,angle,1
28,angle,1
28,angle,1
28,angle,1
28,angle,1
28,angle,1
28,angle,1
28,angle,1
28,angle,1
28,angle,1
28,angle,1
28,angle,1
28,angle,1
28,angle,1
28,angle,1
28,angle,1
28,angle,1
28,angle,1
28,angle,1
28,angle,1
28,angle,1
28,angle,1
28,angle,1
28,angle,1
28,angle,1
28,angle,1
28,angle,1
28,angle,1
28,angle,1
28,angle,1
28,angle,1
28,angle,1
28,angle,1
28,angle,1
28,angle,1
28,angle,1
28,angle,1
28,angle,1
28,angle,1
28,angle,1
29,angle,1
29,angle,1
29,angle,1
29,angle,0
29,angle,1
29,angle,1
29,angle,1
29,angle,1
29,angle,1
29,angle,1
29,angle,1
29,angle,1
29,angle,1
29,angle,1
29,angle,1
29,angle,1
29,angle,1
29,angle,1
29,angle,1
29,angle,1
29,angle,1
29,angle,1
29,angle,1
29,angle,1
29,angle,1
29,angle,1
29,angle,1
29,angle,1
29,angle,1
29,angle,1
29,angle,1
29,angle,1
29,angle,1
29,angle,1
29,angle,1
29,angle,1
29,angle,1
29,angle,1
29,angle,1
29,angle,1
29,angle,0
29,angle,1
29,angle,1
29,angle,1
29,angle,1
29,angle,1
29,angle,1
29,angle,1
29,angle,1
29,angle,1
29,angle,1
29,angle,1
29,angle,0
29,angle,1
29,angle,1
29,angle,1
29,angle,1
29,angle,1
29,angle,1
29,angle,1
29,angle,1
29,angle,1
29,angle,1
29,angle,1
30,angle,1
30,angle,1
30,angle,1
30,angle,1
30,angle,1
30,angle,1
30,angle,1
30,angle,1
30,angle,1
30,angle,1
30,angle,1
30,angle,1
30,angle,1
30,angle,1
30,angle,1
30,angle,1
30,angle,1
30,angle,1
30,angle,1
30,angle,1
30,angle,1
30,angle,1
30,angle,1
30,angle,1
30,angle,1
30,angle,1
30,angle,1
30,angle,1
30,angle,1
30,angle,1
30,angle,1
30,angle,1
30,angle,1
30,angle,1
30,angle,1
30,angle,1
30,angle,1
30,angle,1
30,angle,1
30,angle,1
30,angle,1
30,angle,1
30,angle,1
30,angle,1
30,angle,1
30,angle,1
30,angle,1
30,angle,1
30,angle,1
30,angle,1
30,angle,1
30,angle,1
30,angle,1
30,angle,1
30,angle,1
30,angle,1
30,angle,1
30,angle,1
30,angle,1
30,angle,1
30,angle,1
30,angle,1
30,angle,1
30,angle,1
31,size,1
31,size,1
31,size,0
31,size,1
31,size,1
31,size,0
31,size,1
31,size,0
31,size,0
31,size,0
31,size,0
31,size,0
31,size,0
31,size,0
31,size,1
31,size,1
31,size,0
31,size,0
31,size,0
31,size,0
31,size,1
31,size,0
31,size,0
31,size,0
31,size,0
31,size,0
31,size,0
31,size,0
31,size,0
31,size,0
31,size,0
31,size,0
31,size,0
31,size,0
31,size,0
31,size,0
31,size,0
31,size,0
31,size,1
31,size,1
31,size,0
31,size,1
31,size,0
31,size,1
31,size,0
31,size,0
31,size,1
31,size,0
31,size,0
31,size,0
31,size,0
31,size,0
31,size,0
31,size,0
31,size,0
31,size,1
31,size,1
31,size,0
31,size,0
31,size,1
31,size,0
31,size,0
31,size,0
31,size,0
32,size,1
32,size,0
32,size,0
32,size,0
32,size,1
32,size,0
32,size,1
32,size,1
32,size,1
32,size,1
32,size,1
32,size,1
32,size,0
32,size,1
32,size,1
32,size,1
32,size,0
32,size,1
32,size,0
32,size,0
32,size,0
32,size,1
32,size,0
32,size,1
32,size,1
32,size,1
32,size,1
32,size,1
32,size,1
32,size,1
32,size,1
32,size,0
32,size,1
32,size,1
32,size,1
32,size,0
32,size,0
32,size,1
32,size,1
32,size,0
32,size,1
32,size,1
32,size,0
32,size,1
32,size,1
32,size,1
32,size,1
32,size,1
32,size,1
32,size,1
32,size,1
32,size,1
32,size,1
32,size,1
32,size,1
32,size,1
32,size,0
32,size,1
32,size,0
32,size,1
32,size,1
32,size,1
32,size,0
32,size,1
33,size,1
33,size,1
33,size,1
33,size,1
33,size,1
33,size,1
33,size,1
33,size,1
33,size,1
33,size,1
33,size,1
33,size,1
33,size,1
33,size,1
33,size,1
33,size,1
33,size,1
33,size,1
33,size,1
33,size,1
33,size,1
33,size,1
33,size,1
33,size,1
33,size,1
33,size,1
33,size,1
33,size,1
33,size,1
33,size,1
33,size,1
33,size,1
33,size,1
33,size,1
33,size,1
33,size,1
33,size,1
33,size,1
33,size,0
33,size,0
33,size,1
33,size,1
33,size,1
33,size,1
33,size,1
33,size,1
33,size,1
33,size,1
33,size,1
33,size,1
33,size,1
33,size,0
33,size,1
33,size,1
33,size,1
33,size,1
33,size,1
33,size,1
33,size,1
33,size,1
33,size,1
33,size,1
33,size,1
33,size,1
34,size,0
34,size,0
34,size,0
34,size,1
34,size,0
34,size,1
34,size,0
34,size,1
34,size,1
34,size,1
34,size,0
34,size,1
34,size,0
34,size,0
34,size,0
34,size,0
34,size,0
34,size,0
34,size,0
34,size,0
34,size,0
34,size,0
34,size,0
34,size,0
34,size,0
34,size,0
34,size,0
34,size,0
34,size,1
34,size,1
34,size,1
34,size,0
34,size,0
34,size,0
34,size,0
34,size,0
34,size,0
34,size,0
34,size,0
34,size,0
34,size,0
34,size,1
34,size,0
34,size,0
34,size,0
34,size,0
34,size,0
34,size,0
34,size,0
34,size,0
34,size,0
34,size,1
34,size,0
34,size,1
34,size,1
34,size,0
34,size,0
34,size,0
34,size,0
34,size,0
34,size,0
34,size,0
34,size,0
34,size,0
35,both,0
35,both,1
35,both,0
35,both,1
35,both,1
35,both,0
35,both,1
35,both,1
35,both,1
35,both,1
35,both,0
35,both,1
35,both,0
35,both,1
35,both,0
35,both,0
35,both,0
35,both,1
35,both,0
35,both,1
35,both,0
35,both,0
35,both,1
35,both,0
35,both,1
35,both,0
35,both,0
35,both,0
35,both,0
35,both,0
35,both,1
35,both,1
35,both,0
35,both,0
35,both,1
35,both,0
35,both,0
35,both,0
35,both,0
35,both,1
35,both,0
35,both,1
35,both,1
35,both,0
35,both,0
35,both,1
35,both,1
35,both,1
35,both,0
35,both,0
35,both,0
35,both,0
35,both,0
35,both,0
35,both,0
35,both,0
35,both,0
35,both,1
35,both,0
35,both,0
35,both,1
35,both,1
35,both,0
35,both,1
36,size,1
36,size,0
36,size,1
36,size,1
36,size,0
36,size,1
36,size,1
36,size,1
36,size,1
36,size,1
36,size,1
36,size,0
36,size,0
36,size,1
36,size,0
36,size,0
36,size,0
36,size,0
36,size,1
36,size,1
36,size,1
36,size,1
36,size,1
36,size,1
36,size,1
36,size,1
36,size,0
36,size,1
36,size,1
36,size,1
36,size,1
36,size,1
36,size,1
36,size,1
36,size,1
36,size,1
36,size,0
36,size,0
36,size,0
36,size,1
36,size,1
36,size,1
36,size,1
36,size,1
36,size,0
36,size,1
36,size,1
36,size,1
36,size,0
36,size,0
36,size,1
36,size,1
36,size,0
36,size,1
36,size,1
36,size,1
36,size,0
36,size,1
36,size,1
36,size,1
36,size,0
36,size,1
36,size,1
36,size,1
37,both,1
37,both,0
37,both,0
37,both,1
37,both,0
37,both,1
37,both,0
37,both,0
37,both,1
37,both,1
37,both,1
37,both,1
37,both,1
37,both,1
37,both,1
37,both,0
37,both,1
37,both,0
37,both,0
37,both,1
37,both,1
37,both,1
37,both,0
37,both,0
37,both,1
37,both,0
37,both,1
37,both,1
37,both,0
37,both,1
37,both,1
37,both,1
37,both,1
37,both,1
37,both,0
37,both,0
37,both,1
37,both,1
37,both,0
37,both,0
37,both,1
37,both,0
37,both,1
37,both,0
37,both,0
37,both,1
37,both,1
37,both,0
37,both,1
37,both,1
37,both,0
37,both,1
37,both,0
37,both,0
37,both,0
37,both,1
37,both,1
37,both,1
37,both,0
37,both,0
37,both,1
37,both,0
37,both,0
37,both,1
38,angle,1
38,angle,1
38,angle,1
38,angle,1
38,angle,1
38,angle,1
38,angle,1
38,angle,1
38,angle,1
38,angle,1
38,angle,1
38,angle,1
38,angle,1
38,angle,1
38,angle,1
38,angle,1
38,angle,1
38,angle,1
38,angle,1
38,angle,1
38,angle,1
38,angle,1
38,angle,1
38,angle,1
38,angle,1
38,angle,1
38,angle,1
38,angle,1
38,angle,1
38,angle,1
38,angle,1
38,angle,1
38,angle,1
38,angle,1
38,angle,1
38,angle,1
38,angle,1
38,angle,1
38,angle,1
38,angle,1
38,angle,1
38,angle,1
38,angle,1
38,angle,1
38,angle,1
38,angle,1
38,angle,1
38,angle,1
38,angle,1
38,angle,1
38,angle,1
38,angle,1
38,angle,1
38,angle,1
38,angle,1
38,angle,1
38,angle,1
38,angle,1
38,angle,1
38,angle,1
38,angle,0
38,angle,1
38,angle,1
38,angle,1
39,size,1
39,size,1
39,size,1
39,size,1
39,size,1
39,size,1
39,size,1
39,size,1
39,size,1
39,size,1
39,size,1
39,size,1
39,size,1
39,size,1
39,size,1
39,size,1
39,size,1
39,size,1
39,size,1
39,size,1
39,size,1
39,size,1
39,size,1
39,size,1
39,size,1
39,size,1
39,size,1
39,size,1
39,size,1
39,size,1
39,size,1
39,size,1
39,size,0
39,size,1
39,size,1
39,size,1
39,size,1
39,size,1
39,size,1
39,size,1
39,size,1
39,size,1
39,size,1
39,size,1
39,size,1
39,size,1
39,size,1
39,size,1
39,size,1
39,size,1
39,size,1
39,size,1
39,size,1
39,size,1
39,size,1
39,size,1
39,size,1
39,size,1
39,size,1
39,size,1
39,size,1
39,size,1
39,size,1
39,size,1
40,size,1
40,size,1
40,size,1
40,size,1
40,size,1
40,size,1
40,size,1
40,size,1
40,size,1
40,size,1
40,size,1
40,size,1
40,size,1
40,size,1
40,size,1
40,size,1
40,size,1
40,size,1
40,size,1
40,size,1
40,size,1
40,size,1
40,size,1
40,size,1
40,size,1
40,size,1
40,size,1
40,size,1
40,size,1
40,size,1
40,size,1
40,size,1
40,size,0
40,size,1
40,size,1
40,size,1
40,size,0
40,size,1
40,size,1
40,size,1
40,size,1
40,size,1
40,size,1
40,size,1
40,size,1
40,size,1
40,size,1
40,size,1
40,size,1
40,size,1
40,size,1
40,size,1
40,size,1
40,size,1
40,size,1
40,size,0
40,size,0
40,size,1
40,size,1
40,size,1
40,size,1
40,size,1
40,size,0
40,size,0
41,both,1
41,both,1
41,both,1
41,both,1
41,both,1
41,both,1
41,both,1
41,both,0
41,both,1
41,both,1
41,both,1
41,both,1
41,both,1
41,both,1
41,both,1
41,both,0
41,both,1
41,both,0
41,both,1
41,both,1
41,both,1
41,both,1
41,both,1
41,both,1
41,both,1
41,both,0
41,both,1
41,both,1
41,both,1
41,both,1
41,both,1
41,both,1
41,both,1
41,both,1
41,both,1
41,both,1
41,both,1
41,both,1
41,both,1
41,both,1
41,both,1
41,both,1
41,both,1
41,both,1
41,both,1
41,both,1
41,both,1
41,both,1
41,both,1
41,both,1
41,both,1
41,both,1
41,both,1
41,both,1
41,both,1
41,both,1
41,both,1
41,both,1
41,both,1
41,both,0
41,both,1
41,both,1
41,both,1
41,both,1
42,angle,1
42,angle,1
42,angle,1
42,angle,1
42,angle,1
42,angle,1
42,angle,1
42,angle,1
42,angle,0
42,angle,1
42,angle,1
42,angle,1
42,angle,1
42,angle,1
42,angle,1
42,angle,1
42,angle,1
42,angle,1
42,angle,1
42,angle,1
42,angle,1
42,angle,1
42,angle,1
42,angle,1
42,angle,1
42,angle,1
42,angle,1
42,angle,1
42,angle,1
42,angle,1
42,angle,1
42,angle,1
42,angle,1
42,angle,1
42,angle,1
42,angle,1
42,angle,1
42,angle,1
42,angle,1
42,angle,1
42,angle,1
42,angle,1
42,angle,1
42,angle,1
42,angle,1
42,angle,1
42,angle,1
42,angle,1
42,angle,1
42,angle,1
42,angle,1
42,angle,1
42,angle,1
42,angle,1
42,angle,1
42,angle,1
42,angle,1
42,angle,1
42,angle,1
42,angle,1
42,angle,1
42,angle,1
42,angle,1
42,angle,1
43,angle,1
43,angle,1
43,angle,1
43,angle,0
43,angle,1
43,angle,1
43,angle,1
43,angle,1
43,angle,1
43,angle,1
43,angle,1
43,angle,1
43,angle,1
43,angle,1
43,angle,1
43,angle,1
43,angle,1
43,angle,1
43,angle,1
43,angle,1
43,angle,1
43,angle,1
43,angle,1
43,angle,1
43,angle,1
43,angle,1
43,angle,1
43,angle,1
43,angle,1
43,angle,1
43,angle,1
43,angle,1
43,angle,1
43,angle,1
43,angle,1
43,angle,1
43,angle,1
43,angle,1
43,angle,1
43,angle,1
43,angle,1
43,angle,1
43,angle,1
43,angle,1
43,angle,1
43,angle,1
43,angle,1
43,angle,1
43,angle,1
43,angle,1
43,angle,1
43,angle,1
43,angle,1
43,angle,1
43,angle,1
43,angle,1
43,angle,1
43,angle,1
43,angle,1
43,angle,1
43,angle,1
43,angle,1
43,angle,1
43,angle,1
44,both,0
44,both,0
44,both,0
44,both,1
44,both,0
44,both,0
44,both,0
44,both,0
44,both,1
44,both,0
44,both,0
44,both,1
44,both,0
44,both,0
44,both,0
44,both,0
44,both,1
44,both,1
44,both,0
44,both,0
44,both,0
44,both,0
44,both,0
44,both,1
44,both,0
44,both,0
44,both,0
44,both,0
44,both,1
44,both,0
44,both,0
44,both,0
44,both,1
44,both,0
44,both,0
44,both,0
44,both,0
44,both,0
44,both,0
44,both,0
44,both,0
44,both,0
44,both,0
44,both,1
44,both,1
44,both,0
44,both,1
44,both,0
44,both,0
44,both,0
44,both,0
44,both,0
44,both,0
44,both,0
44,both,1
44,both,1
44,both,1
44,both,0
44,both,1
44,both,1
44,both,1
44,both,0
44,both,0
44,both,1
45,both,1
45,both,1
45,both,1
45,both,1
45,both,1
45,both,1
45,both,1
45,both,1
45,both,1
45,both,1
45,both,1
45,both,1
45,both,1
45,both,1
45,both,1
45,both,1
45,both,1
45,both,1
45,both,1
45,both,1
45,both,1
45,both,1
45,both,1
45,both,1
45,both,1
45,both,1
45,both,1
45,both,1
45,both,1
45,both,1
45,both,1
45,both,1
45,both,1
45,both,1
45,both,1
45,both,1
45,both,1
45,both,1
45,both,1
45,both,1
45,both,1
45,both,1
45,both,1
45,both,1
45,both,1
45,both,1
45,both,1
45,both,1
45,both,1
45,both,1
45,both,1
45,both,1
45,both,1
45,both,1
45,both,1
45,both,1
45,both,1
45,both,1
45,both,1
45,both,1
45,both,1
45,both,1
45,both,0
45,both,1
46,both,0
46,both,1
46,both,1
46,both,0
46,both,0
46,both,1
46,both,1
46,both,0
46,both,0
46,both,1
46,both,0
46,both,0
46,both,0
46,both,0
46,both,0
46,both,1
46,both,0
46,both,1
46,both,0
46,both,0
46,both,0
46,both,0
46,both,1
46,both,1
46,both,0
46,both,0
46,both,1
46,both,0
46,both,0
46,both,1
46,both,1
46,both,0
46,both,0
46,both,0
46,both,1
46,both,0
46,both,1
46,both,0
46,both,0
46,both,0
46,both,0
46,both,0
46,both,1
46,both,0
46,both,1
46,both,0
46,both,0
46,both,0
46,both,1
46,both,0
46,both,1
46,both,1
46,both,1
46,both,0
46,both,1
46,both,0
46,both,0
46,both,0
46,both,0
46,both,1
46,both,0
46,both,1
46,both,0
46,both,1
47,size,1
47,size,1
47,size,1
47,size,1
47,size,1
47,size,1
47,size,1
47,size,1
47,size,1
47,size,1
47,size,1
47,size,1
47,size,1
47,size,1
47,size,1
47,size,1
47,size,1
47,size,0
47,size,1
47,size,1
47,size,1
47,size,1
47,size,1
47,size,1
47,size,1
47,size,1
47,size,0
47,size,1
47,size,1
47,size,1
47,size,0
47,size,1
47,size,1
47,size,1
47,size,1
47,size,1
47,size,1
47,size,1
47,size,1
47,size,1
47,size,1
47,size,0
47,size,1
47,size,1
47,size,1
47,size,1
47,size,1
47,size,1
47,size,1
47,size,0
47,size,0
47,size,1
47,size,1
47,size,1
47,size,1
47,size,1
47,size,1
47,size,1
47,size,1
47,size,1
47,size,1
47,size,1
47,size,1
47,size,1
48,both,1
48,both,1
48,both,0
48,both,0
48,both,1
48,both,0
48,both,1
48,both,0
48,both,0
48,both,1
48,both,0
48,both,0
48,both,0
48,both,1
48,both,1
48,both,1
48,both,0
48,both,1
48,both,0
48,both,0
48,both,1
48,both,1
48,both,0
48,both,0
48,both,0
48,both,1
48,both,1
48,both,1
48,both,1
48,both,0
48,both,1
48,both,1
48,both,0
48,both,0
48,both,1
48,both,1
48,both,1
48,both,1
48,both,1
48,both,1
48,both,0
48,both,0
48,both,0
48,both,1
48,both,0
48,both,1
48,both,1
48,both,1
48,both,1
48,both,1
48,both,1
48,both,1
48,both,0
48,both,0
48,both,0
48,both,0
48,both,0
48,both,0
48,both,1
48,both,1
48,both,1
48,both,0
48,both,0
48,both,0
49,both,0
49,both,1
49,both,0
49,both,0
49,both,0
49,both,0
49,both,0
49,both,0
49,both,0
49,both,0
49,both,1
49,both,0
49,both,0
49,both,0
49,both,0
49,both,0
49,both,0
49,both,0
49,both,0
49,both,0
49,both,0
49,both,0
49,both,0
49,both,0
49,both,1
49,both,0
49,both,1
49,both,0
49,both,0
49,both,0
49,both,1
49,both,0
49,both,0
49,both,1
49,both,0
49,both,0
49,both,0
49,both,0
49,both,0
49,both,1
49,both,0
49,both,1
49,both,1
49,both,1
49,both,0
49,both,0
49,both,0
49,both,0
49,both,0
49,both,1
49,both,0
49,both,0
49,both,0
49,both,0
49,both,1
49,both,0
49,both,1
49,both,0
49,both,0
49,both,0
49,both,1
49,both,1
49,both,1
49,both,0
50,size,0
50,size,1
50,size,1
50,size,0
50,size,0
50,size,0
50,size,1
50,size,0
50,size,1
50,size,0
50,size,1
50,size,1
50,size,1
50,size,0
50,size,1
50,size,0
50,size,0
50,size,0
50,size,0
50,size,1
50,size,1
50,size,1
50,size,1
50,size,0
50,size,1
50,size,1
50,size,1
50,size,0
50,size,1
50,size,0
50,size,1
50,size,1
50,size,0
50,size,1
50,size,1
50,size,0
50,size,1
50,size,0
50,size,1
50,size,0
50,size,0
50,size,1
50,size,1
50,size,1
50,size,1
50,size,1
50,size,0
50,size,1
50,size,1
50,size,0
50,size,0
50,size,1
50,size,0
50,size,1
50,size,0
50,size,0
50,size,1
50,size,0
50,size,1
50,size,0
50,size,1
50,size,0
50,size,1
50,size,0
51,both,0
51,both,0
51,both,0
51,both,1
51,both,0
51,both,1
51,both,1
51,both,1
51,both,0
51,both,1
51,both,1
51,both,0
51,both,1
51,both,1
51,both,1
51,both,0
51,both,0
51,both,1
51,both,0
51,both,1
51,both,0
51,both,0
51,both,0
51,both,0
51,both,0
51,both,0
51,both,1
51,both,1
51,both,0
51,both,0
51,both,1
51,both,1
51,both,0
51,both,0
51,both,0
51,both,1
51,both,0
51,both,0
51,both,0
51,both,1
51,both,0
51,both,1
51,both,0
51,both,1
51,both,1
51,both,1
51,both,0
51,both,0
51,both,0
51,both,1
51,both,0
51,both,0
51,both,0
51,both,1
51,both,1
51,both,1
51,both,0
51,both,0
51,both,0
51,both,1
51,both,0
51,both,0
51,both,0
51,both,0
52,size,0
52,size,1
52,size,0
52,size,1
52,size,0
52,size,0
52,size,0
52,size,1
52,size,0
52,size,0
52,size,0
52,size,0
52,size,1
52,size,0
52,size,0
52,size,0
52,size,0
52,size,1
52,size,1
52,size,0
52,size,0
52,size,0
52,size,0
52,size,1
52,size,0
52,size,0
52,size,0
52,size,0
52,size,0
52,size,0
52,size,0
52,size,0
52,size,1
52,size,1
52,size,0
52,size,0
52,size,0
52,size,0
52,size,0
52,size,1
52,size,0
52,size,0
52,size,0
52,size,0
52,size,0
52,size,0
52,size,0
52,size,1
52,size,0
52,size,1
52,size,1
52,size,0
52,size,0
52,size,1
52,size,0
52,size,1
52,size,1
52,size,0
52,size,0
52,size,0
52,size,0
52,size,0
52,size,0
52,size,0
53,size,1
53,size,0
53,size,1
53,size,1
53,size,1
53,size,1
53,size,1
53,size,1
53,size,1
53,size,1
53,size,1
53,size,1
53,size,1
53,size,0
53,size,0
53,size,1
53,size,1
53,size,1
53,size,1
53,size,1
53,size,0
53,size,1
53,size,0
53,size,1
53,size,0
53,size,1
53,size,0
53,size,0
53,size,1
53,size,1
53,size,1
53,size,1
53,size,1
53,size,1
53,size,1
53,size,1
53,size,1
53,size,1
53,size,0
53,size,1
53,size,1
53,size,1
53,size,1
53,size,1
53,size,1
53,size,1
53,size,1
53,size,1
53,size,1
53,size,1
53,size,0
53,size,1
53,size,1
53,size,1
53,size,1
53,size,1
53,size,1
53,size,1
53,size,1
53,size,1
53,size,0
53,size,1
53,size,1
53,size,1
54,both,0
54,both,0
54,both,1
54,both,0
54,both,0
54,both,0
54,both,1
54,both,0
54,both,0
54,both,0
54,both,0
54,both,0
54,both,1
54,both,0
54,both,1
54,both,0
54,both,1
54,both,0
54,both,0
54,both,1
54,both,1
54,both,0
54,both,0
54,both,0
54,both,0
54,both,0
54,both,0
54,both,0
54,both,0
54,both,0
54,both,0
54,both,0
54,both,1
54,both,0
54,both,1
54,both,1
54,both,0
54,both,0
54,both,1
54,both,0
54,both,0
54,both,1
54,both,0
54,both,1
54,both,1
54,both,0
54,both,1
54,both,0
54,both,0
54,both,1
54,both,0
54,both,1
54,both,1
54,both,1
54,both,0
54,both,1
54,both,0
54,both,1
54,both,1
54,both,0
54,both,1
54,both,1
54,both,1
54,both,1
55,both,1
55,both,1
55,both,1
55,both,1
55,both,1
55,both,1
55,both,1
55,both,1
55,both,1
55,both,0
55,both,1
55,both,0
55,both,1
55,both,0
55,both,1
55,both,1
55,both,1
55,both,0
55,both,0
55,both,1
55,both,1
55,both,1
55,both,1
55,both,1
55,both,1
55,both,0
55,both,0
55,both,1
55,both,1
55,both,1
55,both,1
55,both,1
55,both,1
55,both,1
55,both,0
55,both,1
55,both,1
55,both,1
55,both,1
55,both,1
55,both,1
55,both,1
55,both,1
55,both,1
55,both,1
55,both,1
55,both,0
55,both,1
55,both,1
55,both,1
55,both,1
55,both,1
55,both,1
55,both,0
55,both,1
55,both,1
55,both,1
55,both,1
55,both,1
55,both,1
55,both,1
55,both,1
55,both,1
55,both,1
56,size,1
56,size,1
56,size,1
56,size,1
56,size,1
56,size,0
56,size,1
56,size,1
56,size,1
56,size,1
56,size,1
56,size,1
56,size,1
56,size,1
56,size,1
56,size,1
56,size,1
56,size,1
56,size,0
56,size,1
56,size,0
56,size,1
56,size,1
56,size,1
56,size,1
56,size,0
56,size,1
56,size,1
56,size,1
56,size,1
56,size,1
56,size,1
56,size,1
56,size,1
56,size,1
56,size,1
56,size,1
56,size,1
56,size,1
56,size,1
56,size,1
56,size,1
56,size,1
56,size,1
56,size,1
56,size,1
56,size,1
56,size,1
56,size,1
56,size,1
56,size,1
56,size,1
56,size,1
56,size,1
56,size,1
56,size,1
56,size,1
56,size,1
56,size,1
56,size,1
56,size,1
56,size,1
56,size,1
56,size,1
57,both,1
57,both,1
57,both,1
57,both,1
57,both,1
57,both,1
57,both,1
57,both,1
57,both,1
57,both,0
57,both,1
57,both,1
57,both,1
57,both,1
57,both,1
57,both,1
57,both,1
57,both,1
57,both,1
57,both,0
57,both,0
57,both,1
57,both,0
57,both,1
57,both,1
57,both,1
57,both,1
57,both,1
57,both,1
57,both,1
57,both,1
57,both,1
57,both,1
57,both,0
57,both,0
57,both,1
57,both,0
57,both,0
57,both,1
57,both,1
57,both,0
57,both,1
57,both,1
57,both,1
57,both,1
57,both,0
57,both,1
57,both,1
57,both,1
57,both,0
57,both,1
57,both,0
57,both,1
57,both,0
57,both,0
57,both,0
57,both,1
57,both,0
57,both,1
57,both,1
57,both,1
57,both,0
57,both,0
57,both,1
58,size,1
58,size,1
58,size,0
58,size,1
58,size,1
58,size,1
58,size,1
58,size,1
58,size,1
58,size,0
58,size,0
58,size,0
58,size,1
58,size,1
58,size,1
58,size,1
58,size,1
58,size,1
58,size,0
58,size,1
58,size,1
58,size,1
58,size,0
58,size,0
58,size,1
58,size,1
58,size,0
58,size,1
58,size,1
58,size,1
58,size,1
58,size,1
58,size,1
58,size,0
58,size,1
58,size,1
58,size,1
58,size,1
58,size,1
58,size,1
58,size,1
58,size,1
58,size,0
58,size,1
58,size,1
58,size,0
58,size,1
58,size,1
58,size,0
58,size,1
58,size,1
58,size,1
58,size,1
58,size,1
58,size,1
58,size,0
58,size,1
58,size,1
58,size,1
58,size,1
58,size,0
58,size,0
58,size,1
58,size,0
59,angle,1
59,angle,1
59,angle,1
59,angle,1
59,angle,1
59,angle,1
59,angle,1
59,angle,1
59,angle,1
59,angle,1
59,angle,1
59,angle,1
59,angle,1
59,angle,1
59,angle,1
59,angle,1
59,angle,1
59,angle,1
59,angle,1
59,angle,1
59,angle,1
59,angle,1
59,angle,1
59,angle,1
59,angle,1
59,angle,1
59,angle,1
59,angle,1
59,angle,1
59,angle,1
59,angle,0
59,angle,1
59,angle,1
59,angle,1
59,angle,1
59,angle,1
59,angle,1
59,angle,1
59,angle,1
59,angle,1
59,angle,1
59,angle,1
59,angle,1
59,angle,1
59,angle,1
59,angle,1
59,angle,1
59,angle,1
59,angle,1
59,angle,1
59,angle,1
59,angle,1
59,angle,1
59,angle,1
59,angle,1
59,angle,1
59,angle,1
59,angle,1
59,angle,1
59,angle,1
59,angle,1
59,angle,1
59,angle,1
59,angle,1
60,size,1
60,size,0
60,size,0
60,size,1
60,size,0
60,size,0
60,size,0
60,size,0
60,size,0
60,size,0
60,size,0
60,size,0
60,size,0
60,size,0
60,size,0
60,size,0
60,size,0
60,size,0
60,size,0
60,size,1
60,size,0
60,size,0
60,size,0
60,size,0
60,size,0
60,size,0
60,size,0
60,size,0
60,size,0
60,size,0
60,size,0
60,size,0
60,size,0
60,size,0
60,size,0
60,size,1
60,size,0
60,size,0
60,size,0
60,size,0
60,size,0
60,size,0
60,size,0
60,size,0
60,size,1
60,size,0
60,size,0
60,size,0
60,size,1
60,size,1
60,size,0
60,size,0
60,size,0
60,size,0
60,size,1
60,size,0
60,size,0
60,size,1
60,size,0
60,size,1
60,size,1
60,size,0
60,size,0
60,size,1
61,both,1
61,both,0
61,both,0
61,both,1
61,both,1
61,both,1
61,both,1
61,both,0
61,both,0
61,both,0
61,both,1
61,both,1
61,both,0
61,both,0
61,both,0
61,both,0
61,both,0
61,both,1
61,both,1
61,both,1
61,both,1
61,both,1
61,both,0
61,both,0
61,both,1
61,both,0
61,both,1
61,both,0
61,both,1
61,both,1
61,both,1
61,both,1
61,both,0
61,both,0
61,both,1
61,both,1
61,both,0
61,both,1
61,both,1
61,both,1
61,both,1
61,both,0
61,both,1
61,both,0
61,both,1
61,both,0
61,both,0
61,both,0
61,both,1
61,both,1
61,both,1
61,both,0
61,both,0
61,both,1
61,both,1
61,both,0
61,both,0
61,both,1
61,both,0
61,both,0
61,both,0
61,both,0
61,both,0
61,both,0
62,angle,1
62,angle,1
62,angle,1
62,angle,1
62,angle,1
62,angle,1
62,angle,1
62,angle,1
62,angle,1
62,angle,1
62,angle,1
62,angle,1
62,angle,1
62,angle,1
62,angle,1
62,angle,1
62,angle,1
62,angle,1
62,angle,1
62,angle,1
62,angle,1
62,angle,1
62,angle,1
62,angle,1
62,angle,1
62,angle,1
62,angle,1
62,angle,1
62,angle,1
62,angle,1
62,angle,1
62,angle,1
62,angle,1
62,angle,1
62,angle,1
62,angle,1
62,angle,1
62,angle,1
62,angle,1
62,angle,1
62,angle,1
62,angle,1
62,angle,1
62,angle,1
62,angle,1
62,angle,1
62,angle,1
62,angle,1
62,angle,1
62,angle,1
62,angle,1
62,angle,1
62,angle,1
62,angle,1
62,angle,1
62,angle,1
62,angle,1
62,angle,1
62,angle,1
62,angle,1
62,angle,1
62,angle,1
62,angle,1
62,angle,1
63,both,1
63,both,0
63,both,0
63,both,0
63,both,0
63,both,1
63,both,1
63,both,1
63,both,0
63,both,0
63,both,1
63,both,0
63,both,0
63,both,1
63,both,1
63,both,1
63,both,1
63,both,1
63,both,0
63,both,0
63,both,1
63,both,0
63,both,1
63,both,0
63,both,1
63,both,1
63,both,0
63,both,0
63,both,1
63,both,0
63,both,0
63,both,0
63,both,1
63,both,1
63,both,0
63,both,1
63,both,1
63,both,1
63,both,1
63,both,0
63,both,1
63,both,0
63,both,1
63,both,0
63,both,0
63,both,1
63,both,0
63,both,1
63,both,0
63,both,0
63,both,1
63,both,1
63,both,0
63,both,0
63,both,0
63,both,0
63,both,0
63,both,0
63,both,0
63,both,0
63,both,0
63,both,0
63,both,0
63,both,1
64,angle,1
64,angle,1
64,angle,1
64,angle,1
64,angle,1
64,angle,1
64,angle,1
64,angle,1
64,angle,1
64,angle,1
64,angle,1
64,angle,1
64,angle,1
64,angle,1
64,angle,1
64,angle,1
64,angle,1
64,angle,1
64,angle,1
64,angle,1
64,angle,1
64,angle,1
64,angle,1
64,angle,1
64,angle,1
64,angle,1
64,angle,1
64,angle,1
64,angle,1
64,angle,1
64,angle,1
64,angle,1
64,angle,1
64,angle,1
64,angle,1
64,angle,1
64,angle,1
64,angle,1
64,angle,1
64,angle,1
64,angle,1
64,angle,1
64,angle,1
64,angle,1
64,angle,1
64,angle,1
64,angle,1
64,angle,1
64,angle,1
64,angle,1
64,angle,1
64,angle,1
64,angle,1
64,angle,1
64,angle,1
64,angle,1
64,angle,1
64,angle,1
64,angle,1
64,angle,1
64,angle,1
64,angle,1
64,angle,1
64,angle,1
65,size,0
65,size,0
65,size,0
65,size,1
65,size,0
65,size,0
65,size,1
65,size,1
65,size,0
65,size,0
65,size,1
65,size,0
65,size,0
65,size,0
65,size,1
65,size,0
65,size,1
65,size,0
65,size,0
65,size,0
65,size,0
65,size,0
65,size,0
65,size,0
65,size,0
65,size,1
65,size,0
65,size,0
65,size,0
65,size,1
65,size,1
65,size,0
65,size,0
65,size,0
65,size,0
65,size,0
65,size,1
65,size,0
65,size,1
65,size,0
65,size,1
65,size,0
65,size,1
65,size,0
65,size,1
65,size,0
65,size,0
65,size,0
65,size,1
65,size,1
65,size,0
65,size,0
65,size,0
65,size,0
65,size,1
65,size,0
65,size,0
65,size,0
65,size,0
65,size,0
65,size,0
65,size,0
65,size,0
65,size,1
66,angle,1
66,angle,1
66,angle,1
66,angle,1
66,angle,1
66,angle,1
66,angle,1
66,angle,1
66,angle,1
66,angle,1
66,angle,1
66,angle,1
66,angle,1
66,angle,1
66,angle,1
66,angle,1
66,angle,1
66,angle,1
66,angle,1
66,angle,1
66,angle,1
66,angle,1
66,angle,1
66,angle,1
66,angle,1
66,angle,1
66,angle,1
66,angle,1
66,angle,1
66,angle,1
66,angle,1
66,angle,1
66,angle,1
66,angle,1
66,angle,1
66,angle,1
66,angle,1
66,angle,1
66,angle,1
66,angle,1
66,angle,1
66,angle,1
66,angle,1
66,angle,1
66,angle,1
66,angle,1
66,angle,1
66,angle,1
66,angle,1
66,angle,1
66,angle,1
66,angle,1
66,angle,1
66,angle,1
66,angle,1
66,angle,1
66,angle,1
66,angle,1
66,angle,1
66,angle,1
66,angle,1
66,angle,1
66,angle,1
66,angle,1
67,angle,1
67,angle,1
67,angle,1
67,angle,1
67,angle,1
67,angle,1
67,angle,1
67,angle,1
67,angle,1
67,angle,1
67,angle,1
67,angle,1
67,angle,1
67,angle,1
67,angle,1
67,angle,0
67,angle,1
67,angle,1
67,angle,0
67,angle,1
67,angle,1
67,angle,1
67,angle,1
67,angle,1
67,angle,0
67,angle,0
67,angle,1
67,angle,1
67,angle,1
67,angle,0
67,angle,1
67,angle,0
67,angle,1
67,angle,0
67,angle,1
67,angle,1
67,angle,1
67,angle,0
67,angle,1
67,angle,0
67,angle,1
67,angle,1
67,angle,1
67,angle,1
67,angle,1
67,angle,0
67,angle,0
67,angle,0
67,angle,0
67,angle,1
67,angle,1
67,angle,1
67,angle,0
67,angle,0
67,angle,0
67,angle,1
67,angle,0
67,angle,0
67,angle,1
67,angle,1
67,angle,1
67,angle,1
67,angle,1
67,angle,1
68,angle,1
68,angle,1
68,angle,1
68,angle,1
68,angle,1
68,angle,1
68,angle,1
68,angle,1
68,angle,1
68,angle,1
68,angle,1
68,angle,1
68,angle,1
68,angle,1
68,angle,0
68,angle,1
68,angle,1
68,angle,1
68,angle,1
68,angle,1
68,angle,1
68,angle,1
68,angle,1
68,angle,1
68,angle,1
68,angle,1
68,angle,1
68,angle,1
68,angle,1
68,angle,1
68,angle,1
68,angle,1
68,angle,1
68,angle,1
68,angle,1
68,angle,1
68,angle,1
68,angle,1
68,angle,1
68,angle,1
68,angle,1
68,angle,1
68,angle,1
68,angle,1
68,angle,1
68,angle,1
68,angle,1
68,angle,1
68,angle,1
68,angle,1
68,angle,1
68,angle,1
68,angle,1
68,angle,1
68,angle,1
68,angle,1
68,angle,1
68,angle,1
68,angle,1
68,angle,1
68,angle,1
68,angle,1
68,angle,1
68,angle,1
69,angle,1
69,angle,1
69,angle,0
69,angle,1
69,angle,0
69,angle,1
69,angle,1
69,angle,1
69,angle,1
69,angle,1
69,angle,1
69,angle,1
69,angle,1
69,angle,0
69,angle,1
69,angle,1
69,angle,0
69,angle,1
69,angle,1
69,angle,1
69,angle,1
69,angle,1
69,angle,1
69,angle,0
69,angle,1
69,angle,0
69,angle,0
69,angle,1
69,angle,1
69,angle,1
69,angle,1
69,angle,0
69,angle,1
69,angle,1
69,angle,1
69,angle,1
69,angle,1
69,angle,0
69,angle,0
69,angle,1
69,angle,1
69,angle,0
69,angle,1
69,angle,0
69,angle,1
69,angle,1
69,angle,1
69,angle,1
69,angle,0
69,angle,0
69,angle,1
69,angle,1
69,angle,1
69,angle,0
69,angle,1
69,angle,0
69,angle,0
69,angle,1
69,angle,1
69,angle,0
69,angle,1
69,angle,1
69,angle,1
69,angle,1
70,both,1
70,both,1
70,both,1
70,both,1
70,both,1
70,both,1
70,both,1
70,both,1
70,both,1
70,both,1
70,both,1
70,both,1
70,both,1
70,both,1
70,both,1
70,both,1
70,both,1
70,both,1
70,both,1
70,both,1
70,both,1
70,both,1
70,both,1
70,both,1
70,both,1
70,both,1
70,both,1
70,both,1
70,both,1
70,both,1
70,both,1
70,both,1
70,both,1
70,both,1
70,both,1
70,both,1
70,both,1
70,both,1
70,both,1
70,both,1
70,both,1
70,both,1
70,both,1
70,both,1
70,both,1
70,both,1
70,both,1
70,both,1
70,both,1
70,both,1
70,both,1
70,both,1
70,both,1
70,both,1
70,both,1
70,both,1
70,both,1
70,both,1
70,both,1
70,both,1
70,both,1
70,both,1
70,both,1
70,both,1
71,size,1
71,size,0
71,size,0
71,size,0
71,size,0
71,size,0
71,size,0
71,size,0
71,size,0
71,size,0
71,size,1
71,size,0
71,size,0
71,size,1
71,size,0
71,size,1
71,size,0
71,size,0
71,size,0
71,size,0
71,size,0
71,size,0
71,size,0
71,size,0
71,size,0
71,size,0
71,size,0
71,size,0
71,size,0
71,size,1
71,size,1
71,size,0
71,size,0
71,size,0
71,size,0
71,size,0
71,size,0
71,size,1
71,size,0
71,size,1
71,size,1
71,size,0
71,size,0
71,size,0
71,size,0
71,size,1
71,size,0
71,size,1
71,size,0
71,size,0
71,size,0
71,size,0
71,size,0
71,size,0
71,size,0
71,size,0
71,size,0
71,size,0
71,size,1
71,size,0
71,size,0
71,size,0
71,size,0
71,size,0
72,angle,1
72,angle,1
72,angle,1
72,angle,1
72,angle,1
72,angle,1
72,angle,1
72,angle,1
72,angle,1
72,angle,1
72,angle,1
72,angle,1
72,angle,1
72,angle,1
72,angle,1
72,angle,1
72,angle,1
72,angle,1
72,angle,1
72,angle,1
72,angle,1
72,angle,1
72,angle,1
72,angle,1
72,angle,1
72,angle,1
72,angle,1
72,angle,1
72,angle,1
72,angle,1
72,angle,1
72,angle,1
72,angle,1
72,angle,1
72,angle,1
72,angle,1
72,angle,1
72,angle,1
72,angle,1
72,angle,1
72,angle,1
72,angle,1
72,angle,1
72,angle,1
72,angle,1
72,angle,1
72,angle,1
72,angle,1
72,angle,1
72,angle,1
72,angle,1
72,angle,1
72,angle,1
72,angle,1
72,angle,1
72,angle,1
72,angle,1
72,angle,1
72,angle,1
72,angle,1
72,angle,1
72,angle,1
72,angle,1
72,angle,1
73,both,1
73,both,1
73,both,1
73,both,1
73,both,1
73,both,1
73,both,1
73,both,1
73,both,1
73,both,1
73,both,1
73,both,1
73,both,1
73,both,1
73,both,1
73,both,1
73,both,1
73,both,1
73,both,1
73,both,1
73,both,1
73,both,1
73,both,1
73,both,1
73,both,1
73,both,1
73,both,1
73,both,1
73,both,1
73,both,1
73,both,1
73,both,1
73,both,1
73,both,1
73,both,1
73,both,1
73,both,1
73,both,1
73,both,1
73,both,1
73,both,1
73,both,1
73,both,1
73,both,1
73,both,1
73,both,1
73,both,1
73,both,1
73,both,1
73,both,1
73,both,1
73,both,1
73,both,1
73,both,1
73,both,1
73,both,1
73,both,1
73,both,1
73,both,1
73,both,1
73,both,1
73,both,1
73,both,1
73,both,1
74,size,0
74,size,1
74,size,0
74,size,1
74,size,0
74,size,1
74,size,1
74,size,1
74,size,0
74,size,0
74,size,1
74,size,1
74,size,1
74,size,0
74,size,1
74,size,1
74,size,1
74,size,1
74,size,1
74,size,0
74,size,0
74,size,0
74,size,0
74,size,1
74,size,1
74,size,0
74,size,0
74,size,1
74,size,1
74,size,0
74,size,0
74,size,0
74,size,0
74,size,0
74,size,0
74,size,0
74,size,0
74,size,0
74,size,0
74,size,0
74,size,1
74,size,0
74,size,0
74,size,1
74,size,0
74,size,1
74,size,0
74,size,0
74,size,0
74,size,0
74,size,0
74,size,1
74,size,1
74,size,1
74,size,0
74,size,0
74,size,0
74,size,0
74,size,0
74,size,1
74,size,1
74,size,1
74,size,0
74,size,1
75,both,0
75,both,0
75,both,1
75,both,0
75,both,1
75,both,0
75,both,1
75,both,0
75,both,1
75,both,1
75,both,0
75,both,0
75,both,1
75,both,0
75,both,1
75,both,0
75,both,0
75,both,0
75,both,0
75,both,1
75,both,1
75,both,0
75,both,1
75,both,0
75,both,1
75,both,1
75,both,1
75,both,1
75,both,0
75,both,0
75,both,0
75,both,1
75,both,1
75,both,1
75,both,0
75,both,1
75,both,0
75,both,0
75,both,0
75,both,0
75,both,1
75,both,1
75,both,1
75,both,0
75,both,0
75,both,0
75,both,1
75,both,1
75,both,1
75,both,1
75,both,1
75,both,0
75,both,0
75,both,0
75,both,1
75,both,0
75,both,0
75,both,1
75,both,1
75,both,1
75,both,1
75,both,0
75,both,1
75,both,0
76,size,0
76,size,1
76,size,1
76,size,1
76,size,1
76,size,0
76,size,1
76,size,1
76,size,1
76,size,1
76,size,0
76,size,1
76,size,1
76,size,1
76,size,1
76,size,1
76,size,1
76,size,1
76,size,1
76,size,0
76,size,1
76,size,1
76,size,1
76,size,1
76,size,1
76,size,1
76,size,1
76,size,1
76,size,1
76,size,1
76,size,1
76,size,1
76,size,1
76,size,1
76,size,1
76,size,1
76,size,1
76,size,1
76,size,1
76,size,1
76,size,1
76,size,1
76,size,1
76,size,1
76,size,1
76,size,1
76,size,1
76,size,1
76,size,1
76,size,1
76,size,1
76,size,1
76,size,1
76,size,1
76,size,1
76,size,1
76,size,1
76,size,1
76,size,1
76,size,1
76,size,1
76,size,1
76,size,1
76,size,1
77,angle,1
77,angle,1
77,angle,1
77,angle,1
77,angle,1
77,angle,1
77,angle,1
77,angle,1
77,angle,1
77,angle,1
77,angle,1
77,angle,1
77,angle,1
77,angle,1
77,angle,1
77,angle,1
77,angle,1
77,angle,1
77,angle,1
77,angle,1
77,angle,1
77,angle,1
77,angle,1
77,angle,1
77,angle,1
77,angle,1
77,angle,1
77,angle,1
77,angle,1
77,angle,1
77,angle,1
77,angle,1
77,angle,1
77,angle,1
77,angle,1
77,angle,1
77,angle,1
77,angle,1
77,angle,1
77,angle,1
77,angle,1
77,angle,1
77,angle,1
77,angle,1
77,angle,1
77,angle,1
77,angle,1
77,angle,1
77,angle,1
77,angle,1
77,angle,1
77,angle,1
77,angle,1
77,angle,1
77,angle,1
77,angle,1
77,angle,1
77,angle,1
77,angle,1
77,angle,1
77,angle,1
77,angle,1
77,angle,1
77,angle,1
78,size,1
78,size,1
78,size,1
78,size,1
78,size,1
78,size,1
78,size,1
78,size,1
78,size,1
78,size,1
78,size,0
78,size,1
78,size,1
78,size,1
78,size,1
78,size,1
78,size,1
78,size,1
78,size,0
78,size,0
78,size,1
78,size,1
78,size,1
78,size,0
78,size,1
78,size,0
78,size,1
78,size,1
78,size,1
78,size,1
78,size,1
78,size,1
78,size,1
78,size,1
78,size,1
78,size,1
78,size,0
78,size,0
78,size,1
78,size,1
78,size,0
78,size,1
78,size,1
78,size,1
78,size,1
78,size,1
78,size,1
78,size,1
78,size,1
78,size,0
78,size,1
78,size,1
78,size,0
78,size,1
78,size,1
78,size,1
78,size,1
78,size,1
78,size,0
78,size,1
78,size,1
78,size,0
78,size,0
78,size,0
79,both,1
79,both,0
79,both,0
79,both,0
79,both,0
79,both,0
79,both,0
79,both,0
79,both,0
79,both,0
79,both,0
79,both,0
79,both,0
79,both,0
79,both,0
79,both,0
79,both,1
79,both,0
79,both,0
79,both,0
79,both,0
79,both,0
79,both,1
79,both,0
79,both,0
79,both,0
79,both,0
79,both,0
79,both,1
79,both,1
79,both,0
79,both,0
79,both,1
79,both,0
79,both,1
79,both,0
79,both,1
79,both,0
79,both,1
79,both,0
79,both,0
79,both,0
79,both,0
79,both,1
79,both,1
79,both,1
79,both,0
79,both,0
79,both,0
79,both,0
79,both,1
79,both,0
79,both,1
79,both,0
79,both,0
79,both,0
79,both,0
79,both,0
79,both,0
79,both,0
79,both,0
79,both,0
79,both,1
79,both,1
80,angle,1
80,angle,1
80,angle,1
80,angle,1
80,angle,1
80,angle,1
80,angle,1
80,angle,1
80,angle,1
80,angle,1
80,angle,1
80,angle,1
80,angle,1
80,angle,1
80,angle,1
80,angle,1
80,angle,1
80,angle,1
80,angle,1
80,angle,1
80,angle,1
80,angle,1
80,angle,1
80,angle,1
80,angle,1
80,angle,1
80,angle,1
80,angle,1
80,angle,1
80,angle,1
80,angle,1
80,angle,1
80,angle,1
80,angle,1
80,angle,1
80,angle,1
80,angle,1
80,angle,1
80,angle,1
80,angle,1
80,angle,1
80,angle,1
80,angle,1
80,angle,1
80,angle,1
80,angle,1
80,angle,1
80,angle,1
80,angle,1
80,angle,1
80,angle,1
80,angle,1
80,angle,1
80,angle,1
80,angle,1
80,angle,1
80,angle,1
80,angle,1
80,angle,1
80,angle,1
80,angle,1
80,angle,1
80,angle,1
80,angle,1
81,angle,1
81,angle,1
81,angle,1
81,angle,1
81,angle,1
81,angle,1
81,angle,1
81,angle,1
81,angle,1
81,angle,1
81,angle,1
81,angle,1
81,angle,1
81,angle,1
81,angle,0
81,angle,1
81,angle,1
81,angle,1
81,angle,1
81,angle,1
81,angle,1
81,angle,1
81,angle,1
81,angle,1
81,angle,1
81,angle,1
81,angle,1
81,angle,1
81,angle,1
81,angle,1
81,angle,1
81,angle,1
81,angle,1
81,angle,1
81,angle,1
81,angle,1
81,angle,1
81,angle,1
81,angle,1
81,angle,1
81,angle,1
81,angle,1
81,angle,1
81,angle,1
81,angle,1
81,angle,1
81,angle,1
81,angle,1
81,angle,1
81,angle,1
81,angle,1
81,angle,1
81,angle,1
81,angle,1
81,angle,1
81,angle,1
81,angle,1
81,angle,1
81,angle,1
81,angle,1
81,angle,1
81,angle,1
81,angle,1
81,angle,1
82,size,1
82,size,0
82,size,0
82,size,0
82,size,0
82,size,0
82,size,1
82,size,0
82,size,1
82,size,0
82,size,0
82,size,0
82,size,0
82,size,0
82,size,0
82,size,0
82,size,0
82,size,0
82,size,1
82,size,0
82,size,1
82,size,1
82,size,1
82,size,1
82,size,0
82,size,0
82,size,1
82,size,1
82,size,1
82,size,0
82,size,0
82,size,0
82,size,0
82,size,0
82,size,0
82,size,0
82,size,0
82,size,0
82,size,0
82,size,0
82,size,1
82,size,0
82,size,0
82,size,1
82,size,1
82,size,1
82,size,1
82,size,0
82,size,1
82,size,1
82,size,1
82,size,0
82,size,1
82,size,0
82,size,0
82,size,0
82,size,0
82,size,0
82,size,0
82,size,0
82,size,1
82,size,1
82,size,0
82,size,0
83,angle,1
83,angle,1
83,angle,1
83,angle,0
83,angle,1
83,angle,1
83,angle,1
83,angle,0
83,angle,1
83,angle,1
83,angle,1
83,angle,0
83,angle,1
83,angle,1
83,angle,0
83,angle,1
83,angle,0
83,angle,1
83,angle,1
83,angle,0
83,angle,0
83,angle,1
83,angle,0
83,angle,1
83,angle,0
83,angle,0
83,angle,1
83,angle,0
83,angle,1
83,angle,1
83,angle,1
83,angle,0
83,angle,1
83,angle,0
83,angle,1
83,angle,0
83,angle,1
83,angle,0
83,angle,1
83,angle,0
83,angle,1
83,angle,1
83,angle,0
83,angle,1
83,angle,0
83,angle,0
83,angle,0
83,angle,0
83,angle,0
83,angle,0
83,angle,0
83,angle,1
83,angle,0
83,angle,0
83,angle,1
83,angle,1
83,angle,1
83,angle,0
83,angle,1
83,angle,1
83,angle,1
83,angle,1
83,angle,1
83,angle,0
84,size,1
84,size,1
84,size,1
84,size,1
84,size,1
84,size,1
84,size,1
84,size,1
84,size,1
84,size,1
84,size,1
84,size,1
84,size,1
84,size,1
84,size,1
84,size,1
84,size,1
84,size,1
84,size,1
84,size,1
84,size,1
84,size,1
84,size,1
84,size,1
84,size,1
84,size,1
84,size,1
84,size,1
84,size,1
84,size,1
84,size,1
84,size,1
84,size,1
84,size,1
84,size,1
84,size,1
84,size,1
84,size,1
84,size,1
84,size,1
84,size,1
84,size,1
84,size,1
84,size,1
84,size,1
84,size,1
84,size,0
84,size,1
84,size,1
84,size,1
84,size,1
84,size,1
84,size,1
84,size,1
84,size,1
84,size,1
84,size,1
84,size,1
84,size,1
84,size,1
84,size,1
84,size,1
84,size,1
84,size,1
85,both,1
85,both,0
85,both,0
85,both,0
85,both,1
85,both,1
85,both,1
85,both,0
85,both,0
85,both,0
85,both,1
85,both,0
85,both,1
85,both,0
85,both,0
85,both,0
85,both,0
85,both,1
85,both,0
85,both,0
85,both,0
85,both,0
85,both,1
85,both,0
85,both,0
85,both,0
85,both,0
85,both,1
85,both,1
85,both,0
85,both,0
85,both,1
85,both,0
85,both,1
85,both,0
85,both,0
85,both,0
85,both,0
85,both,0
85,both,0
85,both,0
85,both,0
85,both,1
85,both,1
85,both,0
85,both,0
85,both,0
85,both,0
85,both,1
85,both,0
85,both,0
85,both,0
85,both,1
85,both,1
85,both,1
85,both,1
85,both,0
85,both,0
85,both,0
85,both,1
85,both,0
85,both,0
85,both,0
85,both,0
86,angle,1
86,angle,1
86,angle,1
86,angle,1
86,angle,1
86,angle,1
86,angle,1
86,angle,1
86,angle,1
86,angle,1
86,angle,1
86,angle,1
86,angle,1
86,angle,1
86,angle,1
86,angle,1
86,angle,1
86,angle,1
86,angle,1
86,angle,1
86,angle,1
86,angle,1
86,angle,0
86,angle,1
86,angle,1
86,angle,1
86,angle,1
86,angle,1
86,angle,1
86,angle,1
86,angle,1
86,angle,1
86,angle,1
86,angle,1
86,angle,1
86,angle,1
86,angle,1
86,angle,1
86,angle,1
86,angle,1
86,angle,1
86,angle,1
86,angle,1
86,angle,1
86,angle,1
86,angle,1
86,angle,1
86,angle,1
86,angle,1
86,angle,1
86,angle,1
86,angle,1
86,angle,1
86,angle,1
86,angle,1
86,angle,1
86,angle,1
86,angle,1
86,angle,1
86,angle,1
86,angle,1
86,angle,1
86,angle,1
86,angle,1
87,both,0
87,both,1
87,both,0
87,both,0
87,both,0
87,both,1
87,both,1
87,both,0
87,both,1
87,both,0
87,both,1
87,both,0
87,both,1
87,both,1
87,both,1
87,both,1
87,both,0
87,both,1
87,both,0
87,both,0
87,both,0
87,both,1
87,both,1
87,both,1
87,both,0
87,both,0
87,both,0
87,both,1
87,both,0
87,both,0
87,both,1
87,both,1
87,both,1
87,both,0
87,both,0
87,both,0
87,both,1
87,both,1
87,both,0
87,both,1
87,both,1
87,both,1
87,both,0
87,both,0
87,both,0
87,both,1
87,both,1
87,both,1
87,both,0
87,both,1
87,both,1
87,both,0
87,both,0
87,both,0
87,both,1
87,both,1
87,both,0
87,both,1
87,both,1
87,both,0
87,both,0
87,both,1
87,both,1
87,both,0
88,angle,1
88,angle,1
88,angle,1
88,angle,1
88,angle,1
88,angle,1
88,angle,1
88,angle,1
88,angle,1
88,angle,1
88,angle,1
88,angle,1
88,angle,1
88,angle,1
88,angle,1
88,angle,1
88,angle,1
88,angle,1
88,angle,1
88,angle,1
88,angle,1
88,angle,1
88,angle,0
88,angle,1
88,angle,0
88,angle,1
88,angle,1
88,angle,1
88,angle,1
88,angle,1
88,angle,1
88,angle,1
88,angle,0
88,angle,1
88,angle,1
88,angle,1
88,angle,1
88,angle,1
88,angle,1
88,angle,1
88,angle,1
88,angle,1
88,angle,1
88,angle,1
88,angle,1
88,angle,1
88,angle,0
88,angle,1
88,angle,1
88,angle,0
88,angle,1
88,angle,1
88,angle,1
88,angle,1
88,angle,1
88,angle,1
88,angle,1
88,angle,1
88,angle,1
88,angle,0
88,angle,1
88,angle,1
88,angle,1
88,angle,1
89,both,1
89,both,0
89,both,1
89,both,1
89,both,0
89,both,0
89,both,1
89,both,0
89,both,0
89,both,0
89,both,1
89,both,0
89,both,0
89,both,0
89,both,1
89,both,0
89,both,0
89,both,1
89,both,0
89,both,1
89,both,0
89,both,0
89,both,1
89,both,1
89,both,0
89,both,0
89,both,1
89,both,0
89,both,0
89,both,0
89,both,1
89,both,0
89,both,1
89,both,1
89,both,0
89,both,0
89,both,1
89,both,0
89,both,0
89,both,1
89,both,0
89,both,0
89,both,0
89,both,1
89,both,1
89,both,1
89,both,0
89,both,0
89,both,1
89,both,0
89,both,1
89,both,0
89,both,0
89,both,0
89,both,1
89,both,0
89,both,0
89,both,0
89,both,0
89,both,1
89,both,0
89,both,1
89,both,1
89,both,1
90,size,1
90,size,1
90,size,1
90,size,1
90,size,1
90,size,1
90,size,1
90,size,1
90,size,1
90,size,1
90,size,1
90,size,1
90,size,0
90,size,1
90,size,1
90,size,1
90,size,1
90,size,1
90,size,1
90,size,1
90,size,1
90,size,0
90,size,0
90,size,1
90,size,1
90,size,1
90,size,1
90,size,1
90,size,1
90,size,1
90,size,1
90,size,1
90,size,1
90,size,0
90,size,1
90,size,1
90,size,1
90,size,1
90,size,1
90,size,0
90,size,1
90,size,1
90,size,1
90,size,1
90,size,1
90,size,1
90,size,1
90,size,1
90,size,1
90,size,1
90,size,0
90,size,1
90,size,1
90,size,0
90,size,1
90,size,1
90,size,1
90,size,1
90,size,1
90,size,1
90,size,1
90,size,1
90,size,1
90,size,1
91,both,0
91,both,1
91,both,1
91,both,1
91,both,0
91,both,0
91,both,1
91,both,1
91,both,0
91,both,0
91,both,0
91,both,0
91,both,0
91,both,0
91,both,0
91,both,0
91,both,0
91,both,0
91,both,0
91,both,0
91,both,1
91,both,0
91,both,0
91,both,0
91,both,0
91,both,0
91,both,0
91,both,0
91,both,0
91,both,0
91,both,0
91,both,0
91,both,0
91,both,1
91,both,0
91,both,1
91,both,0
91,both,0
91,both,0
91,both,0
91,both,0
91,both,0
91,both,0
91,both,0
91,both,0
91,both,0
91,both,0
91,both,0
91,both,0
91,both,0
91,both,0
91,both,1
91,both,0
91,both,0
91,both,0
91,both,0
91,both,0
91,both,0
91,both,0
91,both,0
91,both,0
91,both,0
91,both,0
91,both,1
92,both,0
92,both,1
92,both,1
92,both,0
92,both,0
92,both,0
92,both,1
92,both,0
92,both,1
92,both,0
92,both,0
92,both,0
92,both,0
92,both,0
92,both,0
92,both,0
92,both,0
92,both,0
92,both,1
92,both,0
92,both,0
92,both,0
92,both,0
92,both,0
92,both,0
92,both,0
92,both,0
92,both,0
92,both,0
92,both,0
92,both,0
92,both,0
92,both,0
92,both,0
92,both,0
92,both,0
92,both,0
92,both,0
92,both,1
92,both,0
92,both,0
92,both,0
92,both,0
92,both,0
92,both,0
92,both,0
92,both,0
92,both,0
92,both,0
92,both,0
92,both,0
92,both,0
92,both,0
92,both,0
92,both,1
92,both,0
92,both,0
92,both,0
92,both,0
92,both,0
92,both,0
92,both,0
92,both,0
92,both,0
93,angle,1
93,angle,1
93,angle,1
93,angle,1
93,angle,1
93,angle,1
93,angle,1
93,angle,1
93,angle,1
93,angle,1
93,angle,1
93,angle,1
93,angle,1
93,angle,1
93,angle,1
93,angle,1
93,angle,1
93,angle,1
93,angle,1
93,angle,1
93,angle,1
93,angle,1
93,angle,1
93,angle,1
93,angle,1
93,angle,1
93,angle,1
93,angle,1
93,angle,1
93,angle,1
93,angle,1
93,angle,1
93,angle,1
93,angle,1
93,angle,1
93,angle,1
93,angle,1
93,angle,1
93,angle,1
93,angle,1
93,angle,1
93,angle,1
93,angle,1
93,angle,1
93,angle,1
93,angle,1
93,angle,1
93,angle,1
93,angle,1
93,angle,1
93,angle,1
93,angle,1
93,angle,1
93,angle,1
93,angle,1
93,angle,1
93,angle,1
93,angle,1
93,angle,1
93,angle,1
93,angle,1
93,angle,1
93,angle,1
93,angle,1
94,angle,1
94,angle,1
94,angle,1
94,angle,1
94,angle,0
94,angle,1
94,angle,1
94,angle,1
94,angle,1
94,angle,0
94,angle,1
94,angle,1
94,angle,1
94,angle,1
94,angle,1
94,angle,1
94,angle,1
94,angle,1
94,angle,1
94,angle,1
94,angle,1
94,angle,1
94,angle,1
94,angle,1
94,angle,1
94,angle,1
94,angle,1
94,angle,1
94,angle,1
94,angle,1
94,angle,1
94,angle,0
94,angle,0
94,angle,1
94,angle,1
94,angle,1
94,angle,1
94,angle,1
94,angle,1
94,angle,1
94,angle,1
94,angle,1
94,angle,1
94,angle,1
94,angle,1
94,angle,1
94,angle,1
94,angle,1
94,angle,0
94,angle,1
94,angle,1
94,angle,1
94,angle,1
94,angle,1
94,angle,0
94,angle,0
94,angle,1
94,angle,1
94,angle,0
94,angle,1
94,angle,1
94,angle,1
94,angle,1
94,angle,1
95,both,0
95,both,1
95,both,0
95,both,0
95,both,1
95,both,0
95,both,0
95,both,0
95,both,1
95,both,0
95,both,0
95,both,1
95,both,0
95,both,0
95,both,0
95,both,0
95,both,0
95,both,1
95,both,0
95,both,1
95,both,0
95,both,0
95,both,1
95,both,1
95,both,0
95,both,1
95,both,1
95,both,0
95,both,1
95,both,1
95,both,1
95,both,0
95,both,1
95,both,1
95,both,1
95,both,0
95,both,0
95,both,0
95,both,0
95,both,0
95,both,0
95,both,0
95,both,1
95,both,1
95,both,0
95,both,0
95,both,1
95,both,0
95,both,1
95,both,1
95,both,1
95,both,0
95,both,1
95,both,1
95,both,1
95,both,1
95,both,0
95,both,0
95,both,0
95,both,0
95,both,1
95,both,1
95,both,0
95,both,0
96,both,0
96,both,0
96,both,1
96,both,0
96,both,0
96,both,1
96,both,0
96,both,0
96,both,0
96,both,0
96,both,1
96,both,0
96,both,0
96,both,0
96,both,1
96,both,0
96,both,0
96,both,0
96,both,0
96,both,1
96,both,1
96,both,0
96,both,1
96,both,0
96,both,0
96,both,1
96,both,0
96,both,0
96,both,0
96,both,1
96,both,1
96,both,1
96,both,0
96,both,1
96,both,0
96,both,1
96,both,0
96,both,1
96,both,1
96,both,1
96,both,0
96,both,1
96,both,0
96,both,0
96,both,1
96,both,0
96,both,0
96,both,0
96,both,1
96,both,0
96,both,0
96,both,1
96,both,0
96,both,1
96,both,0
96,both,1
96,both,0
96,both,1
96,both,1
96,both,0
96,both,1
96,both,1
96,both,0
96,both,1
97,angle,1
97,angle,1
97,angle,1
97,angle,1
97,angle,1
97,angle,1
97,angle,1
97,angle,1
97,angle,1
97,angle,1
97,angle,1
97,angle,1
97,angle,1
97,angle,1
97,angle,1
97,angle,1
97,angle,1
97,angle,1
97,angle,1
97,angle,1
97,angle,1
97,angle,1
97,angle,1
97,angle,1
97,angle,1
97,angle,1
97,angle,1
97,angle,1
97,angle,1
97,angle,1
97,angle,1
97,angle,1
97,angle,1
97,angle,1
97,angle,1
97,angle,1
97,angle,1
97,angle,1
97,angle,1
97,angle,1
97,angle,1
97,angle,0
97,angle,1
97,angle,1
97,angle,1
97,angle,1
97,angle,1
97,angle,1
97,angle,1
97,angle,1
97,angle,1
97,angle,1
97,angle,1
97,angle,1
97,angle,1
97,angle,1
97,angle,1
97,angle,1
97,angle,1
97,angle,1
97,angle,1
97,angle,1
97,angle,1
97,angle,1
98,both,1
98,both,1
98,both,1
98,both,1
98,both,1
98,both,1
98,both,1
98,both,1
98,both,1
98,both,1
98,both,1
98,both,1
98,both,1
98,both,1
98,both,1
98,both,1
98,both,1
98,both,1
98,both,1
98,both,1
98,both,1
98,both,1
98,both,1
98,both,1
98,both,1
98,both,1
98,both,1
98,both,1
98,both,1
98,both,1
98,both,1
98,both,1
98,both,1
98,both,1
98,both,1
98,both,1
98,both,1
98,both,1
98,both,1
98,both,1
98,both,1
98,both,1
98,both,1
98,both,1
98,both,1
98,both,1
98,both,1
98,both,1
98,both,1
98,both,1
98,both,1
98,both,1
98,both,1
98,both,1
98,both,1
98,both,1
98,both,1
98,both,1
98,both,1
98,both,1
98,both,1
98,both,1
98,both,1
98,both,1
99,angle,1
99,angle,1
99,angle,1
99,angle,1
99,angle,1
99,angle,1
99,angle,1
99,angle,1
99,angle,1
99,angle,1
99,angle,1
99,angle,1
99,angle,1
99,angle,1
99,angle,1
99,angle,1
99,angle,1
99,angle,1
99,angle,1
99,angle,1
99,angle,1
99,angle,1
99,angle,1
99,angle,1
99,angle,1
99,angle,1
99,angle,1
99,angle,1
99,angle,1
99,angle,1
99,angle,1
99,angle,1
99,angle,1
99,angle,1
99,angle,1
99,angle,1
99,angle,1
99,angle,1
99,angle,0
99,angle,1
99,angle,1
99,angle,1
99,angle,1
99,angle,1
99,angle,1
99,angle,1
99,angle,1
99,angle,1
99,angle,1
99,angle,1
99,angle,1
99,angle,1
99,angle,1
99,angle,1
99,angle,1
99,angle,1
99,angle,1
99,angle,1
99,angle,1
99,angle,1
99,angle,1
99,angle,1
99,angle,1
99,angle,1
100,both,0
100,both,0
100,both,0
100,both,0
100,both,0
100,both,1
100,both,0
100,both,0
100,both,1
100,both,1
100,both,1
100,both,0
100,both,1
100,both,1
100,both,1
100,both,0
100,both,1
100,both,0
100,both,0
100,both,1
100,both,1
100,both,0
100,both,0
100,both,0
100,both,1
100,both,1
100,both,1
100,both,1
100,both,0
100,both,0
100,both,1
100,both,0
100,both,1
100,both,1
100,both,1
100,both,1
100,both,0
100,both,1
100,both,0
100,both,1
100,both,0
100,both,1
100,both,0
100,both,0
100,both,0
100,both,1
100,both,0
100,both,0
100,both,1
100,both,1
100,both,0
100,both,1
100,both,1
100,both,0
100,both,1
100,both,1
100,both,0
100,both,0
100,both,1
100,both,0
100,both,0
100,both,0
100,both,1
100,both,0
101,size,0
101,size,0
101,size,0
101,size,0
101,size,0
101,size,0
101,size,0
101,size,1
101,size,0
101,size,1
101,size,0
101,size,0
101,size,1
101,size,0
101,size,0
101,size,0
101,size,1
101,size,1
101,size,0
101,size,0
101,size,0
101,size,0
101,size,1
101,size,0
101,size,0
101,size,0
101,size,0
101,size,0
101,size,0
101,size,1
101,size,0
101,size,0
101,size,0
101,size,0
101,size,1
101,size,0
101,size,1
101,size,0
101,size,1
101,size,0
101,size,1
101,size,0
101,size,1
101,size,0
101,size,0
101,size,0
101,size,0
101,size,0
101,size,0
101,size,0
101,size,1
101,size,0
101,size,0
101,size,1
101,size,0
101,size,1
101,size,0
101,size,1
101,size,0
101,size,0
101,size,0
101,size,0
101,size,0
101,size,0
102,both,1
102,both,1
102,both,0
102,both,0
102,both,0
102,both,1
102,both,1
102,both,0
102,both,1
102,both,0
102,both,1
102,both,1
102,both,0
102,both,0
102,both,0
102,both,0
102,both,0
102,both,0
102,both,0
102,both,0
102,both,0
102,both,0
102,both,0
102,both,1
102,both,1
102,both,1
102,both,0
102,both,0
102,both,1
102,both,0
102,both,0
102,both,0
102,both,0
102,both,1
102,both,1
102,both,1
102,both,1
102,both,1
102,both,0
102,both,1
102,both,1
102,both,0
102,both,0
102,both,1
102,both,1
102,both,0
102,both,0
102,both,1
102,both,1
102,both,0
102,both,1
102,both,1
102,both,0
102,both,0
102,both,0
102,both,0
102,both,1
102,both,1
102,both,0
102,both,1
102,both,1
102,both,1
102,both,0
102,both,1
103,both,1
103,both,1
103,both,1
103,both,0
103,both,1
103,both,1
103,both,0
103,both,1
103,both,0
103,both,0
103,both,1
103,both,0
103,both,1
103,both,1
103,both,1
103,both,0
103,both,1
103,both,1
103,both,1
103,both,1
103,both,0
103,both,0
103,both,0
103,both,1
103,both,1
103,both,1
103,both,0
103,both,1
103,both,0
103,both,0
103,both,1
103,both,0
103,both,1
103,both,1
103,both,0
103,both,1
103,both,0
103,both,0
103,both,0
103,both,1
103,both,0
103,both,1
103,both,0
103,both,0
103,both,0
103,both,0
103,both,1
103,both,1
103,both,1
103,both,1
103,both,1
103,both,1
103,both,1
103,both,1
103,both,0
103,both,0
103,both,0
103,both,0
103,both,0
103,both,1
103,both,0
103,both,0
103,both,1
103,both,0
104,angle,1
104,angle,1
104,angle,1
104,angle,1
104,angle,1
104,angle,1
104,angle,1
104,angle,1
104,angle,1
104,angle,1
104,angle,1
104,angle,1
104,angle,1
104,angle,1
104,angle,1
104,angle,1
104,angle,1
104,angle,1
104,angle,1
104,angle,1
104,angle,1
104,angle,1
104,angle,1
104,angle,1
104,angle,1
104,angle,1
104,angle,1
104,angle,1
104,angle,1
104,angle,1
104,angle,1
104,angle,1
104,angle,1
104,angle,1
104,angle,1
104,angle,1
104,angle,1
104,angle,1
104,angle,1
104,angle,1
104,angle,1
104,angle,1
104,angle,1
104,angle,1
104,angle,1
104,angle,1
104,angle,1
104,angle,1
104,angle,1
104,angle,1
104,angle,1
104,angle,1
104,angle,1
104,angle,1
104,angle,1
104,angle,1
104,angle,1
104,angle,1
104,angle,1
104,angle,1
104,angle,1
104,angle,1
104,angle,1
104,angle,1
105,both,1
105,both,1
105,both,1
105,both,1
105,both,0
105,both,0
105,both,1
105,both,1
105,both,1
105,both,1
105,both,0
105,both,1
105,both,1
105,both,1
105,both,1
105,both,0
105,both,1
105,both,0
105,both,1
105,both,1
105,both,1
105,both,1
105,both,1
105,both,1
105,both,1
105,both,1
105,both,1
105,both,0
105,both,0
105,both,1
105,both,1
105,both,1
105,both,1
105,both,0
105,both,1
105,both,1
105,both,0
105,both,1
105,both,1
105,both,1
105,both,0
105,both,1
105,both,1
105,both,1
105,both,1
105,both,1
105,both,1
105,both,1
105,both,1
105,both,1
105,both,0
105,both,1
105,both,1
105,both,1
105,both,1
105,both,0
105,both,0
105,both,1
105,both,1
105,both,1
105,both,1
105,both,1
105,both,1
105,both,1
106,angle,1
106,angle,1
106,angle,1
106,angle,1
106,angle,1
106,angle,1
106,angle,1
106,angle,1
106,angle,1
106,angle,1
106,angle,1
106,angle,1
106,angle,1
106,angle,1
106,angle,1
106,angle,1
106,angle,1
106,angle,1
106,angle,1
106,angle,1
106,angle,1
106,angle,1
106,angle,1
106,angle,1
106,angle,1
106,angle,1
106,angle,1
106,angle,1
106,angle,1
106,angle,0
106,angle,1
106,angle,1
106,angle,1
106,angle,0
106,angle,1
106,angle,1
106,angle,1
106,angle,1
106,angle,1
106,angle,1
106,angle,1
106,angle,1
106,angle,1
106,angle,1
106,angle,1
106,angle,1
106,angle,1
106,angle,1
106,angle,1
106,angle,1
106,angle,1
106,angle,1
106,angle,1
106,angle,1
106,angle,1
106,angle,1
106,angle,1
106,angle,0
106,angle,1
106,angle,1
106,angle,1
106,angle,1
106,angle,1
106,angle,1
107,size,0
107,size,0
107,size,0
107,size,1
107,size,0
107,size,0
107,size,0
107,size,0
107,size,1
107,size,0
107,size,0
107,size,0
107,size,0
107,size,0
107,size,0
107,size,0
107,size,0
107,size,0
107,size,0
107,size,1
107,size,0
107,size,1
107,size,0
107,size,0
107,size,0
107,size,0
107,size,1
107,size,0
107,size,0
107,size,0
107,size,0
107,size,0
107,size,0
107,size,0
107,size,1
107,size,0
107,size,0
107,size,0
107,size,0
107,size,0
107,size,0
107,size,0
107,size,0
107,size,0
107,size,0
107,size,0
107,size,0
107,size,1
107,size,1
107,size,0
107,size,1
107,size,0
107,size,0
107,size,0
107,size,0
107,size,0
107,size,0
107,size,0
107,size,1
107,size,0
107,size,1
107,size,1
107,size,0
107,size,0
108,size,0
108,size,1
108,size,1
108,size,1
108,size,0
108,size,0
108,size,0
108,size,1
108,size,0
108,size,1
108,size,0
108,size,0
108,size,0
108,size,0
108,size,0
108,size,0
108,size,0
108,size,1
108,size,0
108,size,0
108,size,0
108,size,0
108,size,1
108,size,0
108,size,0
108,size,0
108,size,1
108,size,0
108,size,0
108,size,0
108,size,0
108,size,0
108,size,0
108,size,0
108,size,0
108,size,1
108,size,1
108,size,1
108,size,0
108,size,0
108,size,0
108,size,0
108,size,0
108,size,0
108,size,0
108,size,0
108,size,0
108,size,0
108,size,1
108,size,0
108,size,0
108,size,0
108,size,1
108,size,0
108,size,1
108,size,0
108,size,0
108,size,0
108,size,0
108,size,0
108,size,0
108,size,1
108,size,0
108,size,0
109,size,0
109,size,0
109,size,1
109,size,1
109,size,1
109,size,0
109,size,1
109,size,1
109,size,1
109,size,1
109,size,0
109,size,0
109,size,1
109,size,1
109,size,1
109,size,1
109,size,1
109,size,1
109,size,0
109,size,1
109,size,0
109,size,0
109,size,1
109,size,1
109,size,1
109,size,0
109,size,0
109,size,1
109,size,0
109,size,0
109,size,0
109,size,1
109,size,0
109,size,0
109,size,0
109,size,0
109,size,1
109,size,0
109,size,1
109,size,0
109,size,0
109,size,1
109,size,0
109,size,1
109,size,0
109,size,0
109,size,0
109,size,0
109,size,0
109,size,1
109,size,1
109,size,1
109,size,0
109,size,0
109,size,1
109,size,0
109,size,1
109,size,1
109,size,1
109,size,0
109,size,1
109,size,0
109,size,0
109,size,0
110,angle,1
110,angle,1
110,angle,1
110,angle,1
110,angle,1
110,angle,1
110,angle,1
110,angle,1
110,angle,1
110,angle,1
110,angle,1
110,angle,1
110,angle,1
110,angle,1
110,angle,1
110,angle,1
110,angle,1
110,angle,1
110,angle,1
110,angle,1
110,angle,1
110,angle,1
110,angle,1
110,angle,1
110,angle,1
110,angle,1
110,angle,1
110,angle,1
110,angle,1
110,angle,1
110,angle,1
110,angle,1
110,angle,1
110,angle,1
110,angle,1
110,angle,1
110,angle,1
110,angle,1
110,angle,1
110,angle,1
110,angle,1
110,angle,1
110,angle,1
110,angle,1
110,angle,1
110,angle,1
110,angle,1
110,angle,1
110,angle,1
110,angle,1
110,angle,1
110,angle,1
110,angle,1
110,angle,1
110,angle,1
110,angle,1
110,angle,1
110,angle,1
110,angle,1
110,angle,1
110,angle,1
110,angle,1
110,angle,1
110,angle,1
111,size,1
111,size,1
111,size,1
111,size,0
111,size,0
111,size,0
111,size,1
111,size,1
111,size,1
111,size,1
111,size,1
111,size,1
111,size,0
111,size,1
111,size,0
111,size,1
111,size,1
111,size,0
111,size,1
111,size,1
111,size,1
111,size,1
111,size,1
111,size,1
111,size,1
111,size,1
111,size,0
111,size,1
111,size,1
111,size,1
111,size,1
111,size,1
111,size,0
111,size,1
111,size,1
111,size,1
111,size,1
111,size,1
111,size,1
111,size,1
111,size,1
111,size,1
111,size,1
111,size,1
111,size,1
111,size,0
111,size,1
111,size,1
111,size,1
111,size,0
111,size,0
111,size,1
111,size,1
111,size,1
111,size,1
111,size,1
111,size,1
111,size,1
111,size,1
111,size,1
111,size,1
111,size,1
111,size,1
111,size,1
112,angle,1
112,angle,1
112,angle,1
112,angle,1
112,angle,1
112,angle,1
112,angle,1
112,angle,1
112,angle,1
112,angle,1
112,angle,1
112,angle,1
112,angle,1
112,angle,1
112,angle,1
112,angle,1
112,angle,1
112,angle,1
112,angle,1
112,angle,1
112,angle,1
112,angle,1
112,angle,1
112,angle,1
112,angle,1
112,angle,1
112,angle,1
112,angle,1
112,angle,1
112,angle,1
112,angle,1
112,angle,1
112,angle,1
112,angle,1
112,angle,1
112,angle,1
112,angle,1
112,angle,1
112,angle,1
112,angle,1
112,angle,1
112,angle,1
112,angle,1
112,angle,1
112,angle,1
112,angle,1
112,angle,1
112,angle,1
112,angle,1
112,angle,1
112,angle,1
112,angle,1
112,angle,1
112,angle,1
112,angle,1
112,angle,1
112,angle,1
112,angle,1
112,angle,1
112,angle,1
112,angle,1
112,angle,1
112,angle,1
112,angle,1
113,size,1
113,size,1
113,size,1
113,size,1
113,size,1
113,size,1
113,size,1
113,size,1
113,size,1
113,size,1
113,size,1
113,size,1
113,size,1
113,size,1
113,size,1
113,size,0
113,size,1
113,size,1
113,size,1
113,size,1
113,size,1
113,size,1
113,size,1
113,size,1
113,size,1
113,size,1
113,size,1
113,size,1
113,size,1
113,size,1
113,size,1
113,size,1
113,size,1
113,size,1
113,size,1
113,size,1
113,size,1
113,size,0
113,size,1
113,size,1
113,size,1
113,size,0
113,size,1
113,size,1
113,size,0
113,size,0
113,size,1
113,size,1
113,size,0
113,size,1
113,size,1
113,size,1
113,size,1
113,size,0
113,size,1
113,size,1
113,size,1
113,size,1
113,size,1
113,size,1
113,size,1
113,size,1
113,size,1
113,size,1
114,both,1
114,both,0
114,both,1
114,both,1
114,both,1
114,both,1
114,both,1
114,both,1
114,both,1
114,both,1
114,both,1
114,both,1
114,both,1
114,both,1
114,both,1
114,both,1
114,both,1
114,both,1
114,both,1
114,both,1
114,both,1
114,both,1
114,both,1
114,both,1
114,both,1
114,both,1
114,both,1
114,both,1
114,both,1
114,both,1
114,both,1
114,both,1
114,both,1
114,both,1
114,both,1
114,both,1
114,both,1
114,both,1
114,both,1
114,both,1
114,both,1
114,both,1
114,both,1
114,both,1
114,both,1
114,both,1
114,both,1
114,both,1
114,both,1
114,both,1
114,both,1
114,both,1
114,both,1
114,both,1
114,both,1
114,both,1
114,both,1
114,both,1
114,both,1
114,both,1
114,both,1
114,both,1
114,both,1
114,both,1
115,angle,1
115,angle,1
115,angle,1
115,angle,1
115,angle,1
115,angle,1
115,angle,1
115,angle,1
115,angle,1
115,angle,1
115,angle,1
115,angle,1
115,angle,1
115,angle,1
115,angle,1
115,angle,1
115,angle,1
115,angle,1
115,angle,1
115,angle,1
115,angle,1
115,angle,0
115,angle,1
115,angle,1
115,angle,1
115,angle,1
115,angle,1
115,angle,1
115,angle,1
115,angle,1
115,angle,1
115,angle,1
115,angle,1
115,angle,1
115,angle,1
115,angle,1
115,angle,1
115,angle,1
115,angle,1
115,angle,1
115,angle,1
115,angle,1
115,angle,1
115,angle,1
115,angle,1
115,angle,1
115,angle,1
115,angle,1
115,angle,1
115,angle,1
115,angle,1
115,angle,1
115,angle,1
115,angle,1
115,angle,1
115,angle,1
115,angle,1
115,angle,1
115,angle,1
115,angle,1
115,angle,1
115,angle,1
115,angle,1
115,angle,1
116,both,0
116,both,0
116,both,0
116,both,0
116,both,1
116,both,0
116,both,0
116,both,0
116,both,1
116,both,0
116,both,0
116,both,0
116,both,0
116,both,1
116,both,0
116,both,0
116,both,0
116,both,0
116,both,0
116,both,0
116,both,0
116,both,0
116,both,0
116,both,1
116,both,0
116,both,0
116,both,0
116,both,1
116,both,0
116,both,1
116,both,0
116,both,1
116,both,0
116,both,0
116,both,0
116,both,1
116,both,0
116,both,0
116,both,0
116,both,0
116,both,0
116,both,0
116,both,0
116,both,0
116,both,0
116,both,0
116,both,0
116,both,0
116,both,0
116,both,0
116,both,0
116,both,0
116,both,0
116,both,1
116,both,0
116,both,1
116,both,0
116,both,0
116,both,0
116,both,0
116,both,0
116,both,0
116,both,0
116,both,0
117,angle,1
117,angle,0
117,angle,1
117,angle,0
117,angle,1
117,angle,1
117,angle,1
117,angle,0
117,angle,0
117,angle,0
117,angle,0
117,angle,0
117,angle,1
117,angle,0
117,angle,1
117,angle,1
117,angle,0
117,angle,0
117,angle,0
117,angle,0
117,angle,0
117,angle,0
117,angle,0
117,angle,0
117,angle,0
117,angle,0
117,angle,0
117,angle,0
117,angle,0
117,angle,0
117,angle,1
117,angle,0
117,angle,0
117,angle,1
117,angle,0
117,angle,0
117,angle,0
117,angle,0
117,angle,0
117,angle,0
117,angle,1
117,angle,0
117,angle,0
117,angle,0
117,angle,0
117,angle,1
117,angle,1
117,angle,0
117,angle,0
117,angle,0
117,angle,0
117,angle,0
117,angle,0
117,angle,0
117,angle,0
117,angle,0
117,angle,0
117,angle,1
117,angle,0
117,angle,0
117,angle,0
117,angle,1
117,angle,0
117,angle,0
118,both,1
118,both,0
118,both,1
118,both,1
118,both,1
118,both,1
118,both,1
118,both,1
118,both,1
118,both,1
118,both,1
118,both,1
118,both,1
118,both,1
118,both,1
118,both,1
118,both,1
118,both,1
118,both,1
118,both,1
118,both,1
118,both,1
118,both,1
118,both,1
118,both,1
118,both,1
118,both,1
118,both,1
118,both,1
118,both,0
118,both,1
118,both,1
118,both,1
118,both,1
118,both,1
118,both,0
118,both,0
118,both,1
118,both,1
118,both,1
118,both,1
118,both,1
118,both,1
118,both,0
118,both,1
118,both,1
118,both,1
118,both,1
118,both,0
118,both,1
118,both,1
118,both,1
118,both,1
118,both,0
118,both,1
118,both,1
118,both,1
118,both,1
118,both,1
118,both,1
118,both,1
118,both,1
118,both,1
118,both,1
119,angle,1
119,angle,1
119,angle,1
119,angle,1
119,angle,1
119,angle,1
119,angle,1
119,angle,1
119,angle,1
119,angle,1
119,angle,1
119,angle,1
119,angle,1
119,angle,1
119,angle,1
119,angle,1
119,angle,1
119,angle,1
119,angle,1
119,angle,1
119,angle,1
119,angle,1
119,angle,1
119,angle,1
119,angle,1
119,angle,1
119,angle,1
119,angle,1
119,angle,1
119,angle,1
119,angle,1
119,angle,1
119,angle,1
119,angle,1
119,angle,1
119,angle,1
119,angle,1
119,angle,1
119,angle,1
119,angle,1
119,angle,1
119,angle,1
119,angle,1
119,angle,1
119,angle,1
119,angle,1
119,angle,1
119,angle,1
119,angle,1
119,angle,1
119,angle,1
119,angle,1
119,angle,1
119,angle,1
119,angle,1
119,angle,1
119,angle,1
119,angle,1
119,angle,1
119,angle,1
119,angle,1
119,angle,1
119,angle,1
119,angle,1
120,size,1
120,size,1
120,size,1
120,size,1
120,size,1
120,size,1
120,size,1
120,size,1
120,size,1
120,size,1
120,size,1
120,size,1
120,size,1
120,size,1
120,size,1
120,size,1
120,size,1
120,size,1
120,size,1
120,size,1
120,size,1
120,size,1
120,size,1
120,size,1
120,size,1
120,size,1
120,size,1
120,size,1
120,size,1
120,size,1
120,size,1
120,size,1
120,size,1
120,size,1
120,size,1
120,size,1
120,size,1
120,size,1
120,size,1
120,size,1
120,size,1
120,size,1
120,size,1
120,size,1
120,size,1
120,size,1
120,size,1
120,size,1
120,size,1
120,size,1
120,size,1
120,size,1
120,size,1
120,size,1
120,size,1
120,size,1
120,size,1
120,size,1
120,size,1
120,size,1
120,size,1
120,size,1
120,size,1
120,size,1
